slug,name,mount,focal_length_mm,max_aperture,introduced,filter_mm,weight_g,image,wikidata,commons_file,wikipedia,source
canon-ef-100mm-f2-8l-macro-is-usm,Canon EF 100mm F2.8L Macro IS USM,Canon EF lens mount,100,2.8,2009,,,images/canon/canon-ef-100mm-f2-8l-macro-is-usm.jpg,Q121113175,Canon EF 100mm f2.8L Macro IS USM front horizontal.jpg,,wikidata
canon-ef-100mm-lens,Canon EF 100mm lens,,100,,1991,,,images/canon/canon-ef-100mm-lens.jpg,Q4035818,Canon 100mm Macro Lens non-USM.jpg,https://en.wikipedia.org/wiki/Canon_EF_100mm_lens,wikidata
canon-ef-100-200mm-lens,Canon EF 100–200mm lens,Canon EF lens mount,100-200,4.5,1988,,,,Q25326876,,https://en.wikipedia.org/wiki/Canon_EF_100%E2%80%93200mm_lens,wikidata
canon-ef-100-300mm-lens,Canon EF 100–300mm lens,Canon EF lens mount,100-300,4.5,1990,,,images/canon/canon-ef-100-300mm-lens.jpg,Q3880559,Canon 100-300.jpg,https://en.wikipedia.org/wiki/Canon_EF_100-300mm_lens,wikidata
canon-ef-100-400mm-lens,Canon EF 100–400mm lens,,100-400,,1998,,,images/canon/canon-ef-100-400mm-lens.jpg,Q1090000,Objektivschelle2.jpg,https://en.wikipedia.org/wiki/Canon_EF_100-400mm_lens,wikidata
canon-ef-11-24mm-lens,Canon EF 11–24mm lens,Canon EF lens mount,11-24,4,2015,,,images/canon/canon-ef-11-24mm-lens.jpg,Q19903726,Canon EF 11-24mm F4L USM.jpg,https://en.wikipedia.org/wiki/Canon_EF_11%E2%80%9324mm_lens,wikidata
canon-ef-1200-mm-f-5-6-l-usm,Canon EF 1200 mm f/5.6 L USM,Canon EF lens mount,1200,5.6,1993,,,images/canon/canon-ef-1200-mm-f-5-6-l-usm.jpg,Q5033201,Canon EF 1200mm ƒ-5.6 L USM.jpg,https://en.wikipedia.org/wiki/Canon_EF_1200mm_lens,wikidata
canon-ef-135mm-f2l-usm,Canon EF 135mm F2L USM,Canon EF lens mount,135,2,1996,,,images/canon/canon-ef-135mm-f2l-usm.jpg,Q116592631,Canon EF 135mm f2L.jpg,https://en.wikipedia.org/wiki/Canon_EF_135mm_f/2_L_USM,wikidata
canon-ef-135mm-lens,Canon EF 135mm lens,,135,,1987,,,images/canon/canon-ef-135mm-lens.jpg,Q1089995,Canon EF135mm F2.0L USM.jpg,https://en.wikipedia.org/wiki/Canon_EF_135mm_lens,wikidata
canon-ef-14mm-f2-8l-ii-usm,Canon EF 14mm F2.8L II USM,Canon EF lens mount,14,2.8,2007,,,images/canon/canon-ef-14mm-f2-8l-ii-usm.jpg,Q60182607,Canon EF 14.jpg,,wikidata
canon-ef-14mm-lens,Canon EF 14mm lens,Canon EF lens mount,14,2.8,2007,,,images/canon/canon-ef-14mm-lens.jpg,Q5033197,Canon-14mm MG 2029.jpg,https://en.wikipedia.org/wiki/Canon_EF_14mm_lens,wikidata
canon-ef-15mm-lens,Canon EF 15mm lens,Canon EF lens mount,15,2.8,1987,,,images/canon/canon-ef-15mm-lens.jpg,Q5033200,Ef15mm.jpg,https://en.wikipedia.org/wiki/Canon_EF_15mm_lens,wikidata
canon-ef-16-35mm-f4l-is-usm,Canon EF 16-35mm F4L IS USM,,16-35,4,,,,images/canon/canon-ef-16-35mm-f4l-is-usm.jpg,Q111794931,Canon EF 16-35mm f4L IS USM front horizontal with hood.jpg,,wikidata
canon-ef-16-35mm-lens,Canon EF 16–35mm lens,,16-35,,2007,,,images/canon/canon-ef-16-35mm-lens.jpg,Q2603321,Canon EF 16-35mm f2.8L USM II Hooded.jpg,https://en.wikipedia.org/wiki/Canon_EF_16-35mm_lens,wikidata
canon-ef-17-35mm-lens,Canon EF 17–35mm lens,Canon EF lens mount,17-35,2.8,1996,,,,Q5033196,,https://en.wikipedia.org/wiki/Canon_EF_17-35mm_lens,wikidata
canon-ef-17-40mm-lens,Canon EF 17–40mm lens,Canon EF lens mount,17-40,4,2003,,,images/canon/canon-ef-17-40mm-lens.jpg,Q2603925,Canon EF 17-40mm f4L USM.jpg,https://en.wikipedia.org/wiki/Canon_EF_17-40mm_lens,wikidata
canon-ef-180mm-f-3-5l-macro-usm-lens,Canon EF 180mm f/3.5L Macro USM lens,Canon EF lens mount,180,3.5,1996,,,images/canon/canon-ef-180mm-f-3-5l-macro-usm-lens.jpg,Q5033198,Canon EF 180mm f3.5L Macro USM front angled with tripod ring rotated.jpg,https://en.wikipedia.org/wiki/Canon_EF_180mm_f/3.5L_Macro_USM_lens,wikidata
canon-ef-200-400mm-f-4l-is-usm-extender-1-4x-lens,Canon EF 200-400mm f/4L IS USM Extender 1.4x lens,Canon EF lens mount,200-400-560,4,2013,,,images/canon/canon-ef-200-400mm-f-4l-is-usm-extender-1-4x-lens.jpg,Q13505764,Canon EF 200-400mm cut.jpg,https://en.wikipedia.org/wiki/Canon_EF_200-400mm_lens,wikidata
canon-ef-200mm-lens,Canon EF 200mm lens,,200,,,,,images/canon/canon-ef-200mm-lens.jpg,Q3880564,Canon-200mm-2.8-L.jpg,https://en.wikipedia.org/wiki/Canon_EF_200mm_lens,wikidata
canon-ef-20mm-lens,Canon EF 20mm lens,Canon EF lens mount,20,2.8,1992,,,images/canon/canon-ef-20mm-lens.jpg,Q3880558,Canon-20mm MG 2033.jpg,https://en.wikipedia.org/wiki/Canon_EF_20mm_lens,wikidata
canon-ef-20-35mm-lens,Canon EF 20–35mm lens,,20-35,,1993,,,images/canon/canon-ef-20-35mm-lens.jpg,Q5033202,Canon EF 20-35mm f3.5-4.5 lens.JPG,https://en.wikipedia.org/wiki/Canon_EF_20-35mm_lens,wikidata
canon-ef-22-55mm-lens,Canon EF 22–55mm lens,Canon EF lens mount,22-55,4,1998,,,images/canon/canon-ef-22-55mm-lens.jpg,Q5033203,"Canon EF 22 55 mm f 4 5,6 USM.JPG",https://en.wikipedia.org/wiki/Canon_EF_22-55mm_lens,wikidata
canon-ef-24-105mm-f4l-is-ii-usm,Canon EF 24-105mm F4L IS II USM,,24-105,,2016,,,images/canon/canon-ef-24-105mm-f4l-is-ii-usm.jpg,Q98729594,Canon EOS 5D Mark IV+EF 24-105mm f4L IS II USM.jpg,,wikidata
canon-ef-24-70mm-f-2-8l-ii-usm,Canon EF 24-70mm f/2.8L II USM,Canon EF lens mount,24-70,2.8,2012,,,images/canon/canon-ef-24-70mm-f-2-8l-ii-usm.jpg,Q56344251,Canon EF 24-70mm II.jpg,,wikidata
canon-ef-24-85mm-f3-5-4-5-usm,Canon EF 24-85mm F3.5-4.5 USM,Canon EF lens mount,24-85,3.5,1996,,,images/canon/canon-ef-24-85mm-f3-5-4-5-usm.jpg,Q10887014,Canon EF 24-85 f3.5-4.5 USM.jpg,https://en.wikipedia.org/wiki/Canon_EF_24-85mm_lens,wikidata
canon-ef-24mm-f1-4l-ii-usm,Canon EF 24mm F1.4L II USM,Canon EF lens mount,24,1.4,2008,,,images/canon/canon-ef-24mm-f1-4l-ii-usm.jpg,Q60182640,Canon EF 24 f1.4.jpg,,wikidata
canon-ef-24mm-f2-8,Canon EF 24mm F2.8,,24,,,,,images/canon/canon-ef-24mm-f2-8.jpg,Q60182660,Canon24mmf280200.jpg,,wikidata
canon-ef-24mm-lens,Canon EF 24mm lens,,24,,,,,images/canon/canon-ef-24mm-lens.jpg,Q5033208,Canon EF 24 IS USM.jpg,https://en.wikipedia.org/wiki/Canon_EF_24mm_lens,wikidata
canon-ef-24-105mm-lens,Canon EF 24–105mm lens,,24-105,,2016,,,images/canon/canon-ef-24-105mm-lens.jpg,Q1065981,Canon EF 24-105mm f4L IS USM.jpg,https://en.wikipedia.org/wiki/Canon_EF_24-105mm_lens,wikidata
canon-ef-24-70mm-lens,Canon EF 24–70mm lens,,24-70,,2012,,,images/canon/canon-ef-24-70mm-lens.jpg,Q1156947,Canon 24-70 mm F2.8 lens side at 70 mm.jpg,https://en.wikipedia.org/wiki/Canon_EF_24%E2%80%9370mm_lens,wikidata
canon-ef-28-70mm-f3-5-4-5-ii,Canon EF 28-70mm f3.5-4.5 II,Canon EF lens mount,,,,,,images/canon/canon-ef-28-70mm-f3-5-4-5-ii.jpg,Q129831817,Canon EF 28-70mm f3.5-4.5 II Lens.jpg,,wikidata
canon-ef-28-90mm-f4-5-6,Canon EF 28-90mm F4-5.6,,28-90,,,,,images/canon/canon-ef-28-90mm-f4-5-6.jpg,Q94694935,Canon EF 28–90 mm.jpg,,wikidata
canon-ef-28mm-lens,Canon EF 28mm lens,,28,,1995,,,images/canon/canon-ef-28mm-lens.jpg,Q3880563,Canon EF 28mm f1.8 USM.jpg,https://en.wikipedia.org/wiki/Canon_EF_28mm_lens,wikidata
canon-ef-28-105mm-lens,Canon EF 28–105mm lens,,28-105,,,,,images/canon/canon-ef-28-105mm-lens.jpg,Q4035815,Canon EF 28-105mm F3.5-4.5 II USM.jpg,https://en.wikipedia.org/wiki/Canon_EF_28-105mm_lens,wikidata
canon-ef-28-135mm-lens,Canon EF 28–135mm lens,Canon EF lens mount,28-135,3.5,1998,,,images/canon/canon-ef-28-135mm-lens.jpg,Q3880568,Canon ef 28-135 is usm.jpg,https://en.wikipedia.org/wiki/Canon_EF_28-135mm_lens,wikidata
canon-ef-28-200mm-lens,Canon EF 28–200mm lens,,28-200,,2000,,,,Q17048849,,https://en.wikipedia.org/wiki/Canon_EF_28-200mm_lens,wikidata
canon-ef-28-300mm-lens,Canon EF 28–300mm lens,Canon EF lens mount,28-300,3.5,2004,,,images/canon/canon-ef-28-300mm-lens.jpg,Q3880569,Canon EF 28-300 L IS horizontal-view.jpg,https://en.wikipedia.org/wiki/Canon_EF_28-300mm_lens,wikidata
canon-ef-28-70mm-lens,Canon EF 28–70mm lens,,28-70,,1993,,,images/canon/canon-ef-28-70mm-lens.jpg,Q2936448,Canon EF 28-70 f2.8L USM.jpg,https://en.wikipedia.org/wiki/Canon_EF_28-70mm_lens,wikidata
canon-ef-28-80mm-lens,Canon EF 28–80mm lens,,28-80,,1999,,,images/canon/canon-ef-28-80mm-lens.jpg,Q5033209,Canon 28-80mm f3.5-5.6 USM 3687.jpg,https://en.wikipedia.org/wiki/Canon_EF_28-80mm_lens,wikidata
canon-ef-28-90mm-lens,Canon EF 28–90mm lens,,28-90,,,,,images/canon/canon-ef-28-90mm-lens.jpg,Q4035817,Canon EF 28-90mm F4-5.6 II USM.jpg,https://en.wikipedia.org/wiki/Canon_EF_28-90mm_lens,wikidata
canon-ef-300mm-lens,Canon EF 300mm lens,,300,,,,,images/canon/canon-ef-300mm-lens.jpg,Q3880570,Canon EF 300mm f4L IS USM.JPG,https://en.wikipedia.org/wiki/Canon_EF_300mm_lens,wikidata
canon-ef-35mm-f-2,Canon EF 35mm f/2,Canon EF lens mount,35,2,1990,,,images/canon/canon-ef-35mm-f-2.jpg,Q116592570,Canon 35mm f2 II.jpg,,wikidata
canon-ef-35mm-lens,Canon EF 35mm lens,,35,,2015,,,images/canon/canon-ef-35mm-lens.jpg,Q3880565,Canon 35mm f2 II.jpg,https://en.wikipedia.org/wiki/Canon_EF_35mm_lens,wikidata
canon-ef-35-105mm-lens,Canon EF 35–105mm lens,,35-105,,1992,,,,Q19903728,,https://en.wikipedia.org/wiki/Canon_EF_35%E2%80%93105mm_lens,wikidata
canon-ef-35-350mm-lens,Canon EF 35–350mm lens,Canon EF lens mount,35-350,3.5,1993,,,images/canon/canon-ef-35-350mm-lens.jpg,Q5033212,Canon EF 35-350mm f3.5-5.6L.jpg,https://en.wikipedia.org/wiki/Canon_EF_35%E2%80%93350mm_lens,wikidata
canon-ef-35-70mm-lens,Canon EF 35–70mm lens,,35-70,,1987,,,images/canon/canon-ef-35-70mm-lens.jpg,Q25038855,Canon EF 35-70mm F3.5-4.5.jpg,https://en.wikipedia.org/wiki/Canon_EF_35-70mm_lens,wikidata
canon-ef-35-80mm-lens,Canon EF 35–80mm lens,,35-80,,1990,,,images/canon/canon-ef-35-80mm-lens.jpg,Q17048938,CanonEF 35-80 III.jpg,https://en.wikipedia.org/wiki/Canon_EF_35%E2%80%9380mm_lens,wikidata
canon-ef-38-76mm-lens,Canon EF 38–76mm lens,Canon EF lens mount,38-76,4.5,1995,,,,Q25221653,,https://en.wikipedia.org/wiki/Canon_EF_38-76mm_lens,wikidata
canon-ef-400mm-f2-8l-is-ii-usm,Canon EF 400mm F2.8L IS II USM,Canon EF lens mount,400,,,,,images/canon/canon-ef-400mm-f2-8l-is-ii-usm.jpg,Q140448433,Canon EF 400mm f2.8L IS II USM lens.jpg,,wikidata
canon-ef-400mm-lens,Canon EF 400mm lens,,400,,2011,,,images/canon/canon-ef-400mm-lens.jpg,Q3880567,Canon 400mm f28 img 1243.jpg,https://en.wikipedia.org/wiki/Canon_EF_400mm_lens,wikidata
canon-ef-40mm-lens,Canon EF 40mm lens,Canon EF lens mount,40,2.8,,,,images/canon/canon-ef-40mm-lens.jpg,Q5033215,Canon EF 40mm f2.8 STM 9409.jpg,https://en.wikipedia.org/wiki/Canon_EF_40mm_lens,wikidata
canon-ef-50-200mm-lens,Canon EF 50-200mm lens,,50-200,,1988,,,,Q25038864,,https://en.wikipedia.org/wiki/Canon_EF_50-200mm_lens,wikidata
canon-ef-500mm-lens,Canon EF 500mm lens,,500,,1999,,,images/canon/canon-ef-500mm-lens.jpg,Q3880572,Canon EF 500.jpg,https://en.wikipedia.org/wiki/Canon_EF_500mm_lens,wikidata
canon-ef-50mm-f1-0l-usm,Canon EF 50mm F1.0L USM,Canon EF lens mount,50,1,1989,,,images/canon/canon-ef-50mm-f1-0l-usm.jpg,Q60172500,Canon EF 50mm f 1.0L.JPG,,wikidata
canon-ef-50mm-f1-2l-usm,Canon EF 50mm F1.2L USM,Canon EF lens mount,50,1.2,2007,,,images/canon/canon-ef-50mm-f1-2l-usm.jpg,Q141147935,Canon-50mm-f12 MG 2028.jpg,,wikidata
canon-ef-50mm-f1-8,Canon EF 50mm F1.8,Canon EF lens mount,50,1.8,1990,,,images/canon/canon-ef-50mm-f1-8.jpg,Q60221595,Canon EF 50mm f18.jpg,,wikidata
canon-ef-50mm-f1-8-ii,Canon EF 50mm F1.8 II,Canon EF lens mount,50,1.8,,,,images/canon/canon-ef-50mm-f1-8-ii.jpg,Q12062737,Canon EF 50mm 18 II.JPG,https://en.wikipedia.org/wiki/Canon_EF_50mm_f/1.8_II,wikidata
canon-ef-50mm-f1-8-stm,Canon EF 50mm F1.8 STM,Canon EF lens mount,50,1.8,2015,,,images/canon/canon-ef-50mm-f1-8-stm.jpg,Q98729659,Ef 50mm stm.JPG,https://en.wikipedia.org/wiki/Canon_EF_50mm_f/1.8_STM,wikidata
canon-ef-50mm-lens,Canon EF 50mm lens,,50,,,,,images/canon/canon-ef-50mm-lens.jpg,Q1208820,Ef 50mm stm.JPG,https://en.wikipedia.org/wiki/Canon_EF_50mm_lens,wikidata
canon-ef-55-200mm-lens,Canon EF 55–200mm lens,,55-200,,2003,,,,Q25326874,,https://en.wikipedia.org/wiki/Canon_EF_55%E2%80%93200mm_lens,wikidata
canon-ef-600mm-lens,Canon EF 600mm lens,,600,4,2018,,,images/canon/canon-ef-600mm-lens.jpg,Q5033217,Canon EF 600.jpg,https://en.wikipedia.org/wiki/Canon_EF_600mm_lens,wikidata
canon-ef-70-200mm-f2-8l-is-ii-usm,Canon EF 70-200mm F2.8L IS II USM,,70-200,2.8,2001,,,images/canon/canon-ef-70-200mm-f2-8l-is-ii-usm.jpg,Q111794891,Canon Zoom-Lens EF 70-200 F2.8L IS II USM-01a.jpg,,wikidata
canon-ef-70-200mm-f2-8l-is-iii-usm,Canon EF 70-200mm F2.8L IS III USM,Canon EF lens mount,70-200,2.8,2018,,,images/canon/canon-ef-70-200mm-f2-8l-is-iii-usm.jpg,Q114796419,Canon EF 70-200mm f2.8L IS III USM.jpg,,wikidata
canon-ef-70-200mm-f2-8l-usm,Canon EF 70-200mm F2.8L USM,,,,,,,,Q138772673,,,wikidata
canon-ef-70-300mm-f4-5-6-is-ii-usm,Canon EF 70-300mm F4-5.6 IS II USM,Canon EF lens mount,70-300,,2016,,,,Q98729517,,,wikidata
canon-ef-70-300mm-f4-5-6-is-usm,Canon EF 70-300mm F4-5.6 IS USM,Canon EF lens mount,70-300,,2005,,,images/canon/canon-ef-70-300mm-f4-5-6-is-usm.jpg,Q126286127,Canon 70-300mm f4-5.6 is usm.jpg,,wikidata
canon-ef-70-200mm-lens,Canon EF 70–200mm lens,,70-200,,,,,images/canon/canon-ef-70-200mm-lens.jpg,Q1358428,Canon EF 70-200mm f4 IS USM.jpg,https://en.wikipedia.org/wiki/Canon_EF_70%E2%80%93200mm_lens,wikidata
canon-ef-70-210mm-lens,Canon EF 70–210mm lens,,70-210,,1990,,,images/canon/canon-ef-70-210mm-lens.jpg,Q5033216,Canon 70-210mm f4 7303.jpg,https://en.wikipedia.org/wiki/Canon_EF_70%E2%80%93210mm_lens,wikidata
canon-ef-70-300mm-lens,Canon EF 70–300mm lens,,70-300,,,,,images/canon/canon-ef-70-300mm-lens.jpg,Q3880576,Canon 70-300 DO MG 2020.jpg,https://en.wikipedia.org/wiki/Canon_EF_70-300mm_lens,wikidata
canon-ef-75-300mm-f4-5-6-iii,Canon EF 75-300mm F4-5.6 III,,75-300,,,,,images/canon/canon-ef-75-300mm-f4-5-6-iii.jpg,Q68865711,Canon EF 75-300 f-4-5.6 III.jpg,,wikidata
canon-ef-75-300mm-lens,Canon EF 75–300mm lens,,75-300,,,,,images/canon/canon-ef-75-300mm-lens.jpg,Q5033220,Teleobjetivo Canon EF 75-300mm f 4-5.6 III.jpg,https://en.wikipedia.org/wiki/Canon_EF_75%E2%80%93300mm_lens,wikidata
canon-ef-800mm-f-5-6l-is-usm,Canon EF 800mm f/5.6L IS USM,Canon EF lens mount,800,5.6,2008,,,images/canon/canon-ef-800mm-f-5-6l-is-usm.jpg,Q5033222,Canon EF 800.jpg,https://en.wikipedia.org/wiki/Canon_EF_800mm_lens,wikidata
canon-ef-80-200mm-lens,Canon EF 80–200mm lens,,80-200,,1992,,,images/canon/canon-ef-80-200mm-lens.jpg,Q5033218,Canon80-200mm.jpg,https://en.wikipedia.org/wiki/Canon_EF_80-200mm_lens,wikidata
canon-ef-85mm-f1-2l-ii-usm,Canon EF 85mm F1.2L II USM,Canon EF lens mount,85,,2006,,,images/canon/canon-ef-85mm-f1-2l-ii-usm.jpg,Q68867227,Canon EF 85mm f1.2L II USM Hooded.jpg,,wikidata
canon-ef-85mm-lens,Canon EF 85mm lens,,85,,,,,images/canon/canon-ef-85mm-lens.jpg,Q1185355,Canon - Objektiv EF 85mm f1.4L IS USM.JPG,https://en.wikipedia.org/wiki/Canon_EF_85mm_lens,wikidata
canon-ef-8-15mm-lens,Canon EF 8–15mm lens,Canon EF lens mount,8-15,4,2011,,,images/canon/canon-ef-8-15mm-lens.jpg,Q4035819,Canon EF 8-15mmm F4L Fisheye USM cutaway 2012 CP+.jpg,https://en.wikipedia.org/wiki/Canon_EF_8-15mm_lens,wikidata
canon-ef-90-300mm-lens,Canon EF 90–300mm lens,,90-300,,,,,images/canon/canon-ef-90-300mm-lens.jpg,Q5033221,Canon EF 90-300mm.JPG,https://en.wikipedia.org/wiki/Canon_EF_90%E2%80%93300mm_lens,wikidata
canon-ef-portrait-lenses,Canon EF portrait lenses,,,,,,,,Q5033223,,https://en.wikipedia.org/wiki/Canon_EF_portrait_lenses,wikidata
canon-ef-m-11-22mm-f-4-5-6-is-stm,Canon EF-M 11-22mm f/4-5.6 IS STM,Canon EF-M lens mount,11-22,4,2013,,,images/canon/canon-ef-m-11-22mm-f-4-5-6-is-stm.jpg,Q24909454,Canon EF-M f4.5-5.6 11-22mm.jpg,https://en.wikipedia.org/wiki/Canon_EF-M_11%E2%80%9322mm_lens,wikidata
canon-ef-m-15-45mm-f-3-5-6-3-is-stm,Canon EF-M 15-45mm f/3.5-6.3 IS STM,Canon EF-M lens mount,15-45,3.5,2015,,,images/canon/canon-ef-m-15-45mm-f-3-5-6-3-is-stm.jpg,Q24907528,Canon EF-M 15-45mm f3.5-6.3 IS STM 01.jpg,https://en.wikipedia.org/wiki/Canon_EF-M_15%E2%80%9345mm_lens,wikidata
canon-ef-m-18-150mm-f-3-5-6-3-is-stm,Canon EF-M 18-150mm f/3.5-6.3 IS STM,Canon EF-M lens mount,18-150,3.5,2016,,,images/canon/canon-ef-m-18-150mm-f-3-5-6-3-is-stm.jpg,Q28035405,Canon EOS M5 front-left 2017 CP+.jpg,https://en.wikipedia.org/wiki/Canon_EF-M_18%E2%80%93150mm_lens,wikidata
canon-ef-m-18-55mm-f-3-5-5-6-is-stm,Canon EF-M 18-55mm f/3.5-5.6 IS STM,Canon EF-M lens mount,18-55,3.5,2012,,,images/canon/canon-ef-m-18-55mm-f-3-5-5-6-is-stm.jpg,Q24909472,Canon EF-M f3.5-5.6 18-55mm.jpg,https://en.wikipedia.org/wiki/Canon_EF-M_18%E2%80%9355mm_lens,wikidata
canon-ef-m-22mm-f-2-stm,Canon EF-M 22mm f/2 STM,Canon EF-M lens mount,22,2,2012,,,images/canon/canon-ef-m-22mm-f-2-stm.jpg,Q11689353,Canon EF-M f2.0 22mm.jpg,https://en.wikipedia.org/wiki/Canon_EF-M_22mm_lens,wikidata
canon-ef-m-28mm-f-3-5-macro-is-stm,Canon EF-M 28mm f/3.5 Macro IS STM,Canon EF-M lens mount,28,3.5,2016,,,images/canon/canon-ef-m-28mm-f-3-5-macro-is-stm.jpg,Q24909141,Canon EF-M 28mm F3.5 Macro IS STM.jpg,https://en.wikipedia.org/wiki/Canon_EF-M_28mm_Macro_lens,wikidata
canon-ef-m-32mm-f-1-4-stm,Canon EF-M 32mm f/1.4 STM,Canon EF-M lens mount,32,1.4,2018,,,images/canon/canon-ef-m-32mm-f-1-4-stm.jpg,Q100876300,Canon EF-M 32mm F1.4 STM lens-front oblique uncapped PNr°0800.jpg,https://en.wikipedia.org/wiki/Canon_EF-M_32mm_lens,wikidata
canon-ef-m-55-200mm-f-4-5-6-3-is-stm,Canon EF-M 55-200mm f/4.5-6.3 IS STM,Canon EF-M lens mount,55-200,4.5,2014,,,images/canon/canon-ef-m-55-200mm-f-4-5-6-3-is-stm.jpg,Q24909457,Canon EF-M f4.5-6.3 55-200mm.jpg,https://en.wikipedia.org/wiki/Canon_EF-M_55-200mm_lens,wikidata
canon-ef-s-10-22mm-f3-5-4-5-usm,Canon EF-S 10-22mm F3.5-4.5 USM,Canon EF-S lens mount,10-22,3.5,2004,,,images/canon/canon-ef-s-10-22mm-f3-5-4-5-usm.jpg,Q540600,Canon EF-S 10-22mm f3.5-4.5 USM Hooded.jpg,https://en.wikipedia.org/wiki/Canon_EF-S_10%E2%80%9322mm_lens,wikidata
canon-ef-s-10-18mm-lens,Canon EF-S 10–18mm lens,Canon EF-S lens mount,10-18,4.5,2014,,,images/canon/canon-ef-s-10-18mm-lens.jpg,Q17048807,Canon EFS 10-18.jpg,https://en.wikipedia.org/wiki/Canon_EF-S_10%E2%80%9318mm_lens,wikidata
canon-ef-s-15-85mm-lens,Canon EF-S 15-85mm lens,Canon EF-S lens mount,15-85,3.5,2009,,,images/canon/canon-ef-s-15-85mm-lens.jpg,Q3880561,"Canon EF-S 15-85mm f3.5-5.6 IS USM, 2013 November - 2.jpg",https://en.wikipedia.org/wiki/Canon_EF-S_15%E2%80%9385mm_lens,wikidata
canon-ef-s-17-85mm-f4-5-6-is-usm,Canon EF-S 17-85mm F4-5.6 IS USM,Canon EF-S lens mount,17-85,4,2004,,,images/canon/canon-ef-s-17-85mm-f4-5-6-is-usm.jpg,Q4179316,Canon 17-85mm is lens.jpg,https://en.wikipedia.org/wiki/Canon_EF-S_17%E2%80%9385mm_lens,wikidata
canon-ef-s-17-55mm-lens,Canon EF-S 17–55mm lens,Canon EF-S lens mount,17-55,2.8,2006,,,images/canon/canon-ef-s-17-55mm-lens.jpg,Q1148283,Canon EF-S 17-55mm.jpg,https://en.wikipedia.org/wiki/Canon_EF-S_17%E2%80%9355mm_lens,wikidata
canon-ef-s-18-135mm-f3-5-5-6-is,Canon EF-S 18-135mm F3.5-5.6 IS,Canon EF-S lens mount,18-135,3.5,2009,,,images/canon/canon-ef-s-18-135mm-f3-5-5-6-is.jpg,Q60221544,Canon EF-S 18-135mm IS.JPG,,wikidata
canon-ef-s-18-135mm-f3-5-5-6-is-stm,Canon EF-S 18-135mm F3.5-5.6 IS STM,Canon EF-S lens mount,18-135,3.5,2009,,,images/canon/canon-ef-s-18-135mm-f3-5-5-6-is-stm.jpg,Q60221565,Canon EFS 18-135 STM.jpg,,wikidata
canon-ef-s-18-135mm-lens,Canon EF-S 18-135mm lens,Canon EF-S lens mount,18-135,,2016,,,images/canon/canon-ef-s-18-135mm-lens.jpg,Q4035812,Canon EF-S 18-135mm IS.JPG,https://en.wikipedia.org/wiki/Canon_EF-S_18%E2%80%93135mm_lens,wikidata
canon-ef-s-18-200mm-f3-5-5-6-is,Canon EF-S 18-200mm F3.5-5.6 IS,Canon EF-S lens mount,18-200,3.5,2008,,,images/canon/canon-ef-s-18-200mm-f3-5-5-6-is.jpg,Q3880562,Canon EF-S 18-200mm lens.jpg,https://en.wikipedia.org/wiki/Canon_EF-S_18%E2%80%93200mm_lens,wikidata
canon-ef-s-18-55mm-f3-5-5-6-ii,Canon EF-S 18-55mm F3.5-5.6 II,,18-55,,2005,,,images/canon/canon-ef-s-18-55mm-f3-5-5-6-ii.jpg,Q60154249,Canon EF-S 18-55mm F3.5-5.6 II 01 cropped.jpg,,wikidata
canon-ef-s-18-55mm-f3-5-5-6-iii,Canon EF-S 18-55mm F3.5-5.6 III,,18-55,,2011,,,images/canon/canon-ef-s-18-55mm-f3-5-5-6-iii.jpg,Q60154141,Canon EF-S 18-55mm F3.5-5.6 III on white background (2).jpg,,wikidata
canon-ef-s-18-55mm-lens-f4-5-6-is-stm,Canon EF-S 18-55mm lens F4-5.6 IS STM,Canon EF-S lens mount,18-55,4,2007,,,images/canon/canon-ef-s-18-55mm-lens-f4-5-6-is-stm.jpg,Q104915001,Canon EF-S 18-55mm F4-5.6 IS STM.jpg,,wikidata
canon-ef-s-18-55mm-lens,Canon EF-S 18–55mm lens,Canon EF-S lens mount,18-55,,2003,,,images/canon/canon-ef-s-18-55mm-lens.jpg,Q1143683,Canon EF-S 18-55mm.jpg,https://en.wikipedia.org/wiki/Canon_EF-S_18%E2%80%9355mm_lens,wikidata
canon-ef-s-24mm-f2-8-stm,Canon EF-S 24mm F2.8 STM,Canon EF-S lens mount,24,2.8,2014,,,images/canon/canon-ef-s-24mm-f2-8-stm.jpg,Q20062347,Canon EF-S 24mm F2.8 STM 2.jpg,,wikidata
canon-ef-s-35mm-f2-8-macro-is-stm,Canon EF-S 35mm F2.8 Macro IS STM,Canon EF-S lens mount,35,2.8,2017,,,,Q107975424,,,wikidata
canon-ef-s-55-250mm-f4-5-6-is,Canon EF-S 55-250mm F4-5.6 IS,Canon EF-S lens mount,55-250,4,2007,,,images/canon/canon-ef-s-55-250mm-f4-5-6-is.jpg,Q68854498,Canon 55-250mm IS.JPG,,wikidata
canon-ef-s-55-250mm-f4-5-6-is-ii,Canon EF-S 55-250mm F4-5.6 IS II,Canon EF-S lens mount,55-250,4,2011,,,images/canon/canon-ef-s-55-250mm-f4-5-6-is-ii.jpg,Q68734939,Canon EF-S 55-250 mm F4-5.6 IS II lens.JPG,,wikidata
canon-ef-s-55-250mm-f4-5-6-is-stm,Canon EF-S 55-250mm F4-5.6 IS STM,Canon EF-S lens mount,55-250,4,2013,,,images/canon/canon-ef-s-55-250mm-f4-5-6-is-stm.jpg,Q68853566,Canon EFS 55-250 STM.jpg,,wikidata
canon-ef-s-60mm-f2-8-macro-usm,Canon EF-S 60mm F2.8 Macro USM,Canon EF-S lens mount,60,2.8,2005,,,images/canon/canon-ef-s-60mm-f2-8-macro-usm.jpg,Q5033194,EF-S 60mm Macro USM.jpg,https://en.wikipedia.org/wiki/Canon_EF-S_60mm_f/2.8_Macro_USM_lens,wikidata
canon-extender-ef,Canon Extender EF,,,,,,,images/canon/canon-extender-ef.jpg,Q5033234,Canon EXT 2.jpg,https://en.wikipedia.org/wiki/Canon_Extender_EF,wikidata
canon-extender-rf-1-4x,Canon Extender RF 1.4x,Canon RF lens mount,,,,,,,Q112756155,,,wikidata
canon-extender-rf-2x,Canon Extender RF 2x,Canon RF lens mount,,,,,,,Q112756166,,,wikidata
canon-fd-100-200mm-f-5-6,Canon FD 100-200mm f/5.6,Canon FD lens mount,100-200,5.6,1971,55,820,,,,,wikipedia
canon-fd-100mm-f-2-8,Canon FD 100mm f/2.8,Canon FD lens mount,100,2.8,1971,55,430,,,,,wikipedia
canon-fd-135-mm-lens,Canon FD 135 mm lens,Canon FD lens mount,135,,,,,,Q5033235,,https://en.wikipedia.org/wiki/Canon_FD_135_mm_lens,wikidata
canon-fd-135mm-f-2-5,Canon FD 135mm f/2.5,Canon FD lens mount,135,2.5,1971,58,670,,,,,wikipedia
canon-fd-135mm-f-3-5,Canon FD 135mm f/3.5,Canon FD lens mount,135,3.5,1970,55,480,,,,,wikipedia
canon-fd-135mm-f-3-5-s-c-i,Canon FD 135mm f/3.5 S.C. (I),Canon FD lens mount,135,3.5,1973,55,465,,,,,wikipedia
canon-fd-135mm-f-3-5-s-c-ii,Canon FD 135mm f/3.5 S.C. (II),Canon FD lens mount,135,3.5,1976,55,385,,,,,wikipedia
canon-fd-17mm-f-4,Canon FD 17mm f/4,Canon FD lens mount,17,4,1971,72,490,,,,,wikipedia
canon-fd-200-mm-lens,Canon FD 200 mm lens,,200,,,,,,Q5033236,,https://en.wikipedia.org/wiki/Canon_FD_200_mm_lens,wikidata
canon-fd-200mm-f-2-8-s-s-c,Canon FD 200mm f/2.8 S.S.C.,Canon FD lens mount,200,2.8,1975,72,700,,,,,wikipedia
canon-fd-200mm-f-4,Canon FD 200mm f/4,Canon FD lens mount,200,4,1971,55,725,,,,,wikipedia
canon-fd-20mm-f-2-8-s-s-c,Canon FD 20mm f/2.8 S.S.C.,Canon FD lens mount,20,2.8,1973,72,345,,,,,wikipedia
canon-fd-24-35mm-f-3-5-aspherical,Canon FD 24-35mm f/3.5 Aspherical,Canon FD lens mount,24-35,3.5,1978,72,515,,,,,wikipedia
canon-fd-24mm-f-1-4-s-s-c-aspherical,Canon FD 24mm f/1.4 S.S.C. Aspherical,Canon FD lens mount,24,1.4,1975,72,500,,,,,wikipedia
canon-fd-24mm-f-2-8,Canon FD 24mm f/2.8,Canon FD lens mount,24,2.8,1971,55,410,,,,,wikipedia
canon-fd-28-50mm-f-3-5-s-s-c,Canon FD 28-50mm f/3.5 S.S.C.,Canon FD lens mount,28-50,3.5,1976,58,470,,,,,wikipedia
canon-fd-28mm-f-2-s-s-c,Canon FD 28mm f/2 S.S.C.,Canon FD lens mount,28,2,1975,55,343,,,,,wikipedia
canon-fd-28mm-f-2-8-s-c-i,Canon FD 28mm f/2.8 S.C. (I),Canon FD lens mount,28,2.8,1975,55,280,,,,,wikipedia
canon-fd-28mm-f-2-8-s-c-ii,Canon FD 28mm f/2.8 S.C. (II),Canon FD lens mount,28,2.8,1977,55,230,,,,,wikipedia
canon-fd-28mm-f-3-5,Canon FD 28mm f/3.5,Canon FD lens mount,28,3.5,1971,55,290,,,,,wikipedia
canon-fd-300mm-f-2-8-s-s-c-fluorite,Canon FD 300mm f/2.8 S.S.C. Fluorite,Canon FD lens mount,300,2.8,1975,,1,,,,,wikipedia
canon-fd-300mm-f-4-s-s-c,Canon FD 300mm f/4 S.S.C.,Canon FD lens mount,300,4,1978,34,965,,,,,wikipedia
canon-fd-300mm-f-4l,Canon FD 300mm f/4L,Canon FD lens mount,300,4,1978,34,1,,,,,wikipedia
canon-fd-300mm-f-5-6,Canon FD 300mm f/5.6,Canon FD lens mount,300,5.6,1971,58,1,,,,,wikipedia
canon-fd-35-70mm-f-3-5-s-s-c,Canon FD 35-70mm f/3.5 S.S.C.,Canon FD lens mount,35-70,3.5,1976,58,575,,,,,wikipedia
canon-fd-35mm-f-2,Canon FD 35mm f/2,,35,2,,,,,Q5033239,,https://en.wikipedia.org/wiki/Canon_FD_35mm_f/2,wikidata
canon-fd-35mm-f-2-i,Canon FD 35mm f/2 (I),Canon FD lens mount,35,2,1971,55,420,,,,,wikipedia
canon-fd-35mm-f-2-ii,Canon FD 35mm f/2 (II),Canon FD lens mount,35,2,1976,55,420,,,,,wikipedia
canon-fd-35mm-f-2-iii,Canon FD 35mm f/2 (III),Canon FD lens mount,35,2,1973,55,420,,,,,wikipedia
canon-fd-35mm-f-3-5,Canon FD 35mm f/3.5,Canon FD lens mount,35,3.5,1971,55,325,,,,,wikipedia
canon-fd-35mm-f-3-5-s-c-i,Canon FD 35mm f/3.5 S.C. (I),Canon FD lens mount,35,3.5,1973,55,295,,,,,wikipedia
canon-fd-35mm-f-3-5-s-c-ii,Canon FD 35mm f/3.5 S.C. (II),Canon FD lens mount,35,3.5,1975,55,236,,,,,wikipedia
canon-fd-35mm-f-3-5-s-c-iii,Canon FD 35mm f/3.5 S.C. (III),Canon FD lens mount,35,3.5,1977,55,236,,,,,wikipedia
canon-fd-400mm-f-4-5-s-s-c,Canon FD 400mm f/4.5 S.S.C.,Canon FD lens mount,400,4.5,1975,,1,,,,,wikipedia
canon-fd-500mm-f-4-5l,Canon FD 500mm f/4.5L,Canon FD lens mount,500,4.5,1979,48,2,,,,,wikipedia
canon-fd-500mm-f8-reflex-lens,Canon FD 500mm F8 reflex lens,,500,8,,,,images/canon/canon-fd-500mm-f8-reflex-lens.jpg,Q96954124,Canon FD 500mm f-8.0 reflex lens.jpg,,wikidata
canon-fd-50mm-f-1-4,Canon FD 50mm f/1.4,Canon FD lens mount,50,1.4,1971,55,370,,,,,wikipedia
canon-fd-50mm-f-1-4-s-s-c-i,Canon FD 50mm f/1.4 S.S.C. (I),Canon FD lens mount,50,1.4,1973,55,350,,,,,wikipedia
canon-fd-50mm-f-1-4-s-s-c-ii,Canon FD 50mm f/1.4 S.S.C. (II),Canon FD lens mount,50,1.4,1973,55,305,,,,,wikipedia
canon-fd-50mm-f-1-8-i,Canon FD 50mm f/1.8 (I),Canon FD lens mount,50,1.8,1971,55,305,,,,,wikipedia
canon-fd-50mm-f-1-8-ii,Canon FD 50mm f/1.8 (II),Canon FD lens mount,50,1.8,1971,55,305,,,,,wikipedia
canon-fd-55mm-f-1-2,Canon FD 55mm f/1.2,Canon FD lens mount,55,1.2,1971,58,565,,,,,wikipedia
canon-fd-55mm-f-1-2-al,Canon FD 55mm f/1.2 AL,Canon FD lens mount,55,1.2,1971,58,605,images/canon/canon-fd-55mm-f-1-2-al.jpg,Q60772768,Canon FD 55mm f-1.2 S.S.C. Aspherical Lens (radioactive) (5770714676).jpg,https://en.wikipedia.org/wiki/Canon_FD_55mm_f/1.2_AL,wikidata
canon-fd-55mm-f-1-2-s-s-c-aspherical,Canon FD 55mm f/1.2 S.S.C. Aspherical,Canon FD lens mount,55,1.2,1975,58,575,,,,,wikipedia
canon-fd-600mm-f-4-5-s-s-c,Canon FD 600mm f/4.5 S.S.C.,Canon FD lens mount,600,4.5,1976,48,4,,,,,wikipedia
canon-fd-80-200mm-f-4-s-s-c,Canon FD 80-200mm f/4 S.S.C.,Canon FD lens mount,80-200,4,1976,55,750,,,,,wikipedia
canon-fd-800mm-f-5-6-s-s-c,Canon FD 800mm f/5.6 S.S.C.,Canon FD lens mount,800,5.6,1976,48,4,,,,,wikipedia
canon-fd-800mm-f-5-6l,Canon FD 800mm f/5.6L,Canon FD lens mount,800,5.6,1979,48,4,,,,,wikipedia
canon-fd-85-300mm-f-4-5-s-s-c,Canon FD 85-300mm f/4.5 S.S.C.,Canon FD lens mount,85-300,4.5,1974,,1,,,,,wikipedia
canon-fd-85mm-f-1-2-aspherical,Canon FD 85mm f/1.2 Aspherical,Canon FD lens mount,85,1.2,1976,72,756,,,,,wikipedia
canon-fd-85mm-f-1-8,Canon FD 85mm f/1.8,Canon FD lens mount,85,1.8,1976,55,425,,,,,wikipedia
canon-fd-m-100mm-f-4-s-c,Canon FD M 100mm f/4 S.C.,Canon FD lens mount,100,4,1975,55,530,,,,,wikipedia
canon-fd-m-50mm-f-3-5-s-s-c,Canon FD M 50mm f/3.5 S.S.C.,Canon FD lens mount,50,3.5,1973,55,310,,,,,wikipedia
canon-fish-eye-fd-15mm-f-2-8-s-s-c,Canon Fish-Eye FD 15mm f/2.8 S.S.C.,Canon FD lens mount,15,2.8,1973,,485,,,,,wikipedia
canon-fish-eye-fd-7-5mm-f-5-6,Canon Fish-Eye FD 7.5mm f/5.6,Canon FD lens mount,7.5,5.6,1971,,380,,,,,wikipedia
canon-fl-1200mm-lens,Canon FL 1200mm lens,,1200,11,,,,images/canon/canon-fl-1200mm-lens.jpg,Q5033240,Collector's item- fl 1200mm ssc lens.jpg,https://en.wikipedia.org/wiki/Canon_FL_1200mm_lens,wikidata
canon-fl-300mm-lens,Canon FL 300mm lens,,300,,,,,,Q5033241,,https://en.wikipedia.org/wiki/Canon_FL_300mm_lens,wikidata
canon-l-lens,Canon L lens,,,,,,,,Q5033255,,https://en.wikipedia.org/wiki/Canon_L_lens,wikidata
canon-mp-e-65mm-f-2-8-1-5x-macro-lens,Canon MP-E 65mm f/2.8 1–5x Macro lens,Canon EF lens mount,65,2.8,1999,,,images/canon/canon-mp-e-65mm-f-2-8-1-5x-macro-lens.jpg,Q2936458,Canon MP-E65mm.jpg,https://en.wikipedia.org/wiki/Canon_MP-E_65mm_f/2.8_1%E2%80%935x_Macro,wikidata
canon-new-fd-100-200mm-f-5-6,Canon New FD 100-200mm f/5.6,Canon FD lens mount,100-200,5.6,1979,52,610,,,,,wikipedia
canon-new-fd-100-300mm-f-5-6,Canon New FD 100-300mm f/5.6,Canon FD lens mount,100-300,5.6,1980,58,835,,,,,wikipedia
canon-new-fd-100-300mm-f-5-6l,Canon New FD 100-300mm f/5.6L,Canon FD lens mount,100-300,5.6,1985,58,710,,,,,wikipedia
canon-new-fd-100mm-f-2,Canon New FD 100mm f/2,Canon FD lens mount,100,2,1980,52,445,,,,,wikipedia
canon-new-fd-100mm-f-2-8,Canon New FD 100mm f/2.8,Canon FD lens mount,100,2.8,1979,52,270,,,,,wikipedia
canon-new-fd-135mm-f-2,Canon New FD 135mm f/2,Canon FD lens mount,135,2,1980,72,670,,,,,wikipedia
canon-new-fd-135mm-f-2-8,Canon New FD 135mm f/2.8,Canon FD lens mount,135,2.8,1979,52,395,,,,,wikipedia
canon-new-fd-135mm-f-3-5,Canon New FD 135mm f/3.5,Canon FD lens mount,135,3.5,1979,52,325,,,,,wikipedia
canon-new-fd-14mm-f-2-8l,Canon New FD 14mm f/2.8L,Canon FD lens mount,14,2.8,1982,,490,,,,,wikipedia
canon-new-fd-150-600mm-f-5-6l,Canon New FD 150-600mm f/5.6L,Canon FD lens mount,150-600,5.6,1982,34,4,,,,,wikipedia
canon-new-fd-17mm-f-4,Canon New FD 17mm f/4,Canon FD lens mount,17,4,1979,72,360,,,,,wikipedia
canon-new-fd-20-35mm-f-3-5l,Canon New FD 20-35mm f/3.5L,Canon FD lens mount,20-35,3.5,1984,72,470,,,,,wikipedia
canon-new-fd-200mm-f-1-8l,Canon New FD 200mm f/1.8L,Canon FD lens mount,200,1.8,1989,48,2,,,,,wikipedia
canon-new-fd-200mm-f-2-8-i,Canon New FD 200mm f/2.8 (I),Canon FD lens mount,200,2.8,1979,72,700,,,,,wikipedia
canon-new-fd-200mm-f-2-8-ii,Canon New FD 200mm f/2.8 (II),Canon FD lens mount,200,2.8,1982,72,735,,,,,wikipedia
canon-new-fd-200mm-f-4,Canon New FD 200mm f/4,Canon FD lens mount,200,4,1979,52,440,,,,,wikipedia
canon-new-fd-20mm-f-2-8,Canon New FD 20mm f/2.8,Canon FD lens mount,20,2.8,1979,72,305,,,,,wikipedia
canon-new-fd-24-35mm-f-3-5l,Canon New FD 24-35mm f/3.5L,Canon FD lens mount,24-35,3.5,1979,72,495,,,,,wikipedia
canon-new-fd-24mm-f-1-4l,Canon New FD 24mm f/1.4L,Canon FD lens mount,24,1.4,1979,72,430,,,,,wikipedia
canon-new-fd-24mm-f-2,Canon New FD 24mm f/2,Canon FD lens mount,24,2,1979,52,285,,,,,wikipedia
canon-new-fd-24mm-f-2-8,Canon New FD 24mm f/2.8,Canon FD lens mount,24,2.8,1979,52,240,,,,,wikipedia
canon-new-fd-28-50mm-f-3-5,Canon New FD 28-50mm f/3.5,Canon FD lens mount,28-50,3.5,1979,58,470,,,,,wikipedia
canon-new-fd-28-55mm-f-3-5-4-5,Canon New FD 28-55mm f/3.5-4.5,Canon FD lens mount,28-55,3.5,1983,52,220,,,,,wikipedia
canon-new-fd-28-85mm-f-4,Canon New FD 28-85mm f/4,Canon FD lens mount,28-85,4,1985,72,485,,,,,wikipedia
canon-new-fd-28mm-f-2,Canon New FD 28mm f/2,Canon FD lens mount,28,2,1979,52,265,,,,,wikipedia
canon-new-fd-28mm-f-2-8,Canon New FD 28mm f/2.8,Canon FD lens mount,28,2.8,1979,52,170,,,,,wikipedia
canon-new-fd-300mm-f-2-8l,Canon New FD 300mm f/2.8L,Canon FD lens mount,300,2.8,1981,48,2,,,,,wikipedia
canon-new-fd-300mm-f-4,Canon New FD 300mm f/4,Canon FD lens mount,300,4,1979,34,945,,,,,wikipedia
canon-new-fd-300mm-f-4l,Canon New FD 300mm f/4L,Canon FD lens mount,300,4,1980,34,1,,,,,wikipedia
canon-new-fd-300mm-f-5-6,Canon New FD 300mm f/5.6,Canon FD lens mount,300,5.6,1979,58,635,,,,,wikipedia
canon-new-fd-35-105mm-f-3-5,Canon New FD 35-105mm f/3.5,Canon FD lens mount,35-105,3.5,1981,72,600,,,,,wikipedia
canon-new-fd-35-105mm-f-3-5-4-5,Canon New FD 35-105mm f/3.5-4.5,Canon FD lens mount,35-105,3.5,1985,58,345,,,,,wikipedia
canon-new-fd-35-70-mm-f-4-af,Canon New FD 35-70 mm f/4 AF,Canon FD lens mount,35-70,4,1981,52,604,,Q5033251,,https://en.wikipedia.org/wiki/Canon_New_FD_35-70_mm_f/4_AF,wikidata
canon-new-fd-35-70mm-f-3-5,Canon New FD 35-70mm f/3.5,Canon FD lens mount,35-70,3.5,1979,58,545,,,,,wikipedia
canon-new-fd-35-70mm-f-3-5-4-5,Canon New FD 35-70mm f/3.5-4.5,Canon FD lens mount,35-70,3.5,1983,52,200,,,,,wikipedia
canon-new-fd-35-70mm-f-4,Canon New FD 35-70mm f/4,Canon FD lens mount,35-70,4,1979,52,315,,,,,wikipedia
canon-new-fd-35mm-f-2,Canon New FD 35mm f/2,Canon FD lens mount,35,2,1979,52,245,,,,,wikipedia
canon-new-fd-400mm-f-2-8l,Canon New FD 400mm f/2.8L,Canon FD lens mount,400,2.8,1981,48,5,,,,,wikipedia
canon-new-fd-400mm-f-4-5,Canon New FD 400mm f/4.5,Canon FD lens mount,400,4.5,1981,34,1,,,,,wikipedia
canon-new-fd-50-135mm-f-3-5,Canon New FD 50-135mm f/3.5,Canon FD lens mount,50-135,3.5,1981,58,720,,,,,wikipedia
canon-new-fd-50-300mm-f-4-5l,Canon New FD 50-300mm f/4.5L,Canon FD lens mount,50-300,4.5,1982,34,1,,,,,wikipedia
canon-new-fd-500mm-f-4-5l,Canon New FD 500mm f/4.5L,Canon FD lens mount,500,4.5,1981,48,2,,,,,wikipedia
canon-new-fd-50mm-f-1-2,Canon New FD 50mm f/1.2,Canon FD lens mount,50,1.2,1980,52,315,,,,,wikipedia
canon-new-fd-50mm-f-1-2l,Canon New FD 50mm f/1.2L,Canon FD lens mount,50,1.2,1980,52,380,,,,,wikipedia
canon-new-fd-50mm-f-1-4,Canon New FD 50mm f/1.4,Canon FD lens mount,50,1.4,1979,52,235,,,,,wikipedia
canon-new-fd-50mm-f-1-8,Canon New FD 50mm f/1.8,Canon FD lens mount,50,1.8,1979,52,170,,,,,wikipedia
canon-new-fd-50mm-f-2,Canon New FD 50mm f/2,Canon FD lens mount,50,2,1980,52,170,,,,,wikipedia
canon-new-fd-600mm-f-4-5,Canon New FD 600mm f/4.5,Canon FD lens mount,600,4.5,1981,48,3,,,,,wikipedia
canon-new-fd-70-150mm-f-4-5,Canon New FD 70-150mm f/4.5,Canon FD lens mount,70-150,4.5,1979,52,530,,,,,wikipedia
canon-new-fd-70-210mm-f-4,Canon New FD 70-210mm f/4,Canon FD lens mount,70-210,4,1980,58,705,,,,,wikipedia
canon-new-fd-75-200mm-f-4-5,Canon New FD 75-200mm f/4.5,Canon FD lens mount,75-200,4.5,1984,52,510,,,,,wikipedia
canon-new-fd-80-200mm-f-4,Canon New FD 80-200mm f/4,Canon FD lens mount,80-200,4,1979,58,765,,,,,wikipedia
canon-new-fd-80-200mm-f-4l,Canon New FD 80-200mm f/4L,Canon FD lens mount,80-200,4,1985,58,675,,,,,wikipedia
canon-new-fd-800mm-f-5-6l,Canon New FD 800mm f/5.6L,Canon FD lens mount,800,5.6,1981,48,4,,,,,wikipedia
canon-new-fd-85-300mm-f-4-5,Canon New FD 85-300mm f/4.5,Canon FD lens mount,85-300,4.5,1981,,1,,,,,wikipedia
canon-new-fd-85mm-f-1-2l,Canon New FD 85mm f/1.2L,Canon FD lens mount,85,1.2,1980,72,680,,,,,wikipedia
canon-new-fd-85mm-f-1-8,Canon New FD 85mm f/1.8,Canon FD lens mount,85,1.8,1979,52,345,,,,,wikipedia
canon-new-fd-85mm-f-2-8-soft-focus,Canon New FD 85mm f/2.8 Soft Focus,Canon FD lens mount,85,2.8,1983,58,400,,,,,wikipedia
canon-new-fish-eye-7-5mm-f-5-6,Canon New Fish-Eye 7.5mm f/5.6,Canon FD lens mount,7.5,5.6,1979,,380,,,,,wikipedia
canon-new-fish-eye-fd-15mm-f-2-8,Canon New Fish-Eye FD 15mm f/2.8,Canon FD lens mount,15,2.8,1980,,460,,,,,wikipedia
canon-new-macro-fd-100mm-f-4,Canon New Macro FD 100mm f/4,Canon FD lens mount,100,4,1979,52,455,,,,,wikipedia
canon-new-macro-fd-200mm-f-4,Canon New Macro FD 200mm f/4,Canon FD lens mount,200,4,1981,58,830,,,,,wikipedia
canon-new-macro-fd-50mm-f-3-5,Canon New Macro FD 50mm f/3.5,Canon FD lens mount,50,3.5,1979,52,235,,,,,wikipedia
canon-new-reflex-500mm-f-8,Canon New Reflex 500mm f/8,Canon FD lens mount,500,8,1980,34,705,,,,,wikipedia
canon-reflex-500mm-f-8-s-s-c,Canon Reflex 500mm f/8 S.S.C.,Canon FD lens mount,500,8,1978,34,740,,,,,wikipedia
canon-rf-10-20mm-f4-l-is-stm,Canon RF 10-20mm F4 L IS STM,Canon RF lens mount,10-20,4,2023,,,images/canon/canon-rf-10-20mm-f4-l-is-stm.jpg,Q123111441,Canon RF 10-20mm f4 L STM lens.jpg,,wikidata
canon-rf-100-300mm-f2-8-l-is-usm,Canon RF 100-300mm F2.8 L IS USM,Canon RF lens mount,100-300,2.8,2023,,,,Q117811554,,,wikidata
canon-rf-100-400mm-f5-6-8-is-usm,Canon RF 100-400mm F5.6-8 IS USM,Canon RF lens mount,100-400,5.6,2021,,,images/canon/canon-rf-100-400mm-f5-6-8-is-usm.jpg,Q111012077,Canon RF 100–400mm F5.6–8 IS USM.jpg,,wikidata
canon-rf-100-500mm-f4-5-7-1-l-is-usm,Canon RF 100-500mm F4.5-7.1 L IS USM,Canon RF lens mount,100-500,4.5,2020,,,images/canon/canon-rf-100-500mm-f4-5-7-1-l-is-usm.jpg,Q107977466,Canon EOS R5+RF 100-500mm f4.5-7.1L IS USM(9).jpg,,wikidata
canon-rf-100mm-f2-8-l-macro-is-usm,Canon RF 100mm F2.8 L Macro IS USM,Canon RF lens mount,100,2.8,2021,,,images/canon/canon-rf-100mm-f2-8-l-macro-is-usm.jpg,Q112756142,Canon RF 100mm F2.8L Macro IS USM.jpg,,wikidata
canon-rf-1200mm-f8-l-is-usm,Canon RF 1200mm F8 L IS USM,Canon RF lens mount,1200,8,2022,,,images/canon/canon-rf-1200mm-f8-l-is-usm.jpg,Q112756147,Canon RF 1200mm.jpg,,wikidata
canon-rf-135mm-f1-8-l-is-usm,Canon RF 135mm F1.8 L IS USM,Canon RF lens mount,135,1.8,2022,,,images/canon/canon-rf-135mm-f1-8-l-is-usm.jpg,Q115014624,Canon RF 135mm f1.8L IS USM.jpg,,wikidata
canon-rf-14-35mm-f4-l-is-usm,Canon RF 14-35mm F4 L IS USM,Canon RF lens mount,14-35,4,2021,,,images/canon/canon-rf-14-35mm-f4-l-is-usm.jpg,Q112756148,Canon RF 14-35mm F4L IS USM (3-4 cropped).jpg,,wikidata
canon-rf-14mm-f1-4-l-vcm,Canon RF 14mm F1.4 L VCM,Canon RF lens mount,14,1.4,2026,,,,Q138011612,,,wikidata
canon-rf-15-30mm-f4-5-6-3-is-stm,Canon RF 15-30mm F4.5-6.3 IS STM,Canon RF lens mount,15-30,4.5,2022,,,images/canon/canon-rf-15-30mm-f4-5-6-3-is-stm.jpg,Q116771960,Canon RF 15-30mm F4.5-6.3 IS STM (3-4 cropped).jpg,,wikidata
canon-rf-15-35mm-f2-8-l-is-usm,Canon RF 15-35mm F2.8 L IS USM,Canon RF lens mount,15-35,2.8,2019,,,images/canon/canon-rf-15-35mm-f2-8-l-is-usm.jpg,Q112756150,Canon RF 15-35mm F2.8L IS USM.jpg,,wikidata
canon-rf-16-28mm-f2-8-is-stm,Canon RF 16-28mm F2.8 IS STM,Canon RF lens mount,16-28,2.8,2025,,,,Q131858849,,,wikidata
canon-rf-16mm-f2-8-stm,Canon RF 16mm F2.8 STM,Canon RF lens mount,16,2.8,2021,,,images/canon/canon-rf-16mm-f2-8-stm.jpg,Q112756139,Canon RF 16mm F2.8 STM (1-1 cropped).jpg,,wikidata
canon-rf-20-50mm-f4l-is-usm-pz,Canon RF 20-50mm F4L IS USM PZ,Canon RF lens mount,20-50,4,2026,,,images/canon/canon-rf-20-50mm-f4l-is-usm-pz.jpg,Q139782839,Canon EOS R6 V with RF 20-50mm F4L IS USM PZ 20260516100633.jpg,,wikidata
canon-rf-200-800mm-f6-3-9-is-usm,Canon RF 200-800mm F6.3-9 IS USM,Canon RF lens mount,200-800,6.3,2023,,,,Q123399003,,,wikidata
canon-rf-20mm-f1-4-l-vcm,Canon RF 20mm F1.4 L VCM,Canon RF lens mount,20,1.4,2025,,,,Q133540666,,,wikidata
canon-rf-24-105mm-f2-8-l-is-usm-z,Canon RF 24-105mm F2.8 L IS USM Z,Canon RF lens mount,24-105,2.8,2023,,,images/canon/canon-rf-24-105mm-f2-8-l-is-usm-z.jpg,Q123399004,Canon EOS R1+RF 24-105mm F2.8L IS USM Z.jpg,,wikidata
canon-rf-24-105mm-f4-l-is-usm,Canon RF 24-105mm F4 L IS USM,Canon RF lens mount,24-105,4,2018,,,images/canon/canon-rf-24-105mm-f4-l-is-usm.jpg,Q97154591,Canon RF24-105mm F4 L IS USM 07 sep 2018.jpg,,wikidata
canon-rf-24-105mm-f4-7-1-is-stm,Canon RF 24-105mm F4-7.1 IS STM,Canon RF lens mount,24-105,4,2020,,,images/canon/canon-rf-24-105mm-f4-7-1-is-stm.jpg,Q112756153,Canon RF 24-105mm f4-7.1 IS STM.jpg,,wikidata
canon-rf-24-240mm-f4-6-3-is-usm,Canon RF 24-240mm F4-6.3 IS USM,Canon RF lens mount,24-240,4,2019,,,images/canon/canon-rf-24-240mm-f4-6-3-is-usm.jpg,Q97285942,Canon RF 24-240.jpg,,wikidata
canon-rf-24-50mm-f4-5-6-3-is-stm,Canon RF 24-50mm F4.5-6.3 IS STM,Canon RF lens mount,24-50,4.5,2023,,,images/canon/canon-rf-24-50mm-f4-5-6-3-is-stm.jpg,Q123130447,Canon RF 24-50mm F4.5-6.3 IS STM (52853984559) (1-1 cropped).jpg,,wikidata
canon-rf-24-70mm-f2-8-l-is-usm,Canon RF 24-70mm F2.8 L IS USM,Canon RF lens mount,24-70,2.8,2019,,,images/canon/canon-rf-24-70mm-f2-8-l-is-usm.jpg,Q97154551,HK MKE 旺角東 Mong Kok East 新世紀廣場 MOKO Grand Century Place One office 佳能 Canon Camera products 體驗館 Showroom December 2021 SS2 09.jpg,,wikidata
canon-rf-24mm-f1-4-l-vcm,Canon RF 24mm F1.4 L VCM,Canon RF lens mount,24,1.4,2024,,,images/canon/canon-rf-24mm-f1-4-l-vcm.jpg,Q130732520,Canon RF 24mm F1.4L VCM.jpg,,wikidata
canon-rf-24mm-f1-8-macro-is-stm,Canon RF 24mm F1.8 MACRO IS STM,Canon RF lens mount,24,2.8,2022,,,images/canon/canon-rf-24mm-f1-8-macro-is-stm.jpg,Q116732347,Canon RF 24mm F1.8 MACRO IS STM (4-5 cropped).jpg,,wikidata
canon-rf-28-70mm-f2-0-l-usm,Canon RF 28-70mm F2.0 L USM,Canon RF lens mount,28-70,2,2019,,,images/canon/canon-rf-28-70mm-f2-0-l-usm.jpg,Q97155517,Canon RF28-70mm F2 L USM 07 sep 2018.jpg,,wikidata
canon-rf-28-70mm-f2-8-is-stm,Canon RF 28-70mm F2.8 IS STM,Canon RF lens mount,28-70,2.8,2024,,,images/canon/canon-rf-28-70mm-f2-8-is-stm.jpg,Q130285077,"Canon RF 28–70mm F2,8 IS STM--21.jpg",,wikidata
canon-rf-28mm-f2-8-stm,Canon RF 28mm F2.8 STM,Canon RF lens mount,28,2.8,2023,,,images/canon/canon-rf-28mm-f2-8-stm.jpg,Q118645668,Canon RF 28mm F2.8-8799.jpg,,wikidata
canon-rf-35mm-f1-4-l-vcm,Canon RF 35mm F1.4 L VCM,Canon RF lens mount,35,1.4,2024,,,images/canon/canon-rf-35mm-f1-4-l-vcm.jpg,Q126369943,Canon RF 35mm F1.4L VCM.jpg,,wikidata
canon-rf-35mm-f1-8-macro-is-stm,Canon RF 35mm F1.8 MACRO IS STM,Canon RF lens mount,35,1.8,2018,,,images/canon/canon-rf-35mm-f1-8-macro-is-stm.jpg,Q97154439,Canon RF 35mm F1.8-8804.jpg,,wikidata
canon-rf-400mm-f2-8-l-is-usm,Canon RF 400mm F2.8 L IS USM,Canon RF lens mount,400,2.8,2021,,,images/canon/canon-rf-400mm-f2-8-l-is-usm.jpg,Q112756144,Canon RF 400mm F2.8L IS USM.jpg,,wikidata
canon-rf-45mm-f1-2-stm,Canon RF 45mm F1.2 STM,Canon RF lens mount,45,1.2,2025,,,,Q136517483,,,wikidata
canon-rf-5-2mm-f2-8-l-dual-fisheye,Canon RF 5.2mm F2.8 L DUAL FISHEYE,Canon RF lens mount,5.2,2.8,2021,,,images/canon/canon-rf-5-2mm-f2-8-l-dual-fisheye.jpg,Q112756138,"Canon RF 5,2mm f2.8L DUAL FISHEYE.jpg",,wikidata
canon-rf-50mm-f1-2-l-usm,Canon RF 50mm F1.2 L USM,Canon RF lens mount,50,1.2,2018,,,images/canon/canon-rf-50mm-f1-2-l-usm.jpg,Q101245617,Canon RF 50mm F1.2L USM.jpg,,wikidata
canon-rf-50mm-f1-4-l-vcm,Canon RF 50mm F1.4 L VCM,Canon RF lens mount,50,1.4,2024,,,images/canon/canon-rf-50mm-f1-4-l-vcm.jpg,Q130732521,Canon EOS R5 C and DJI RS4 Pro on the ground 20260808.jpg,,wikidata
canon-rf-50mm-f1-8-stm,Canon RF 50mm F1.8 STM,Canon RF lens mount,50,1.8,2020,,,images/canon/canon-rf-50mm-f1-8-stm.jpg,Q112756140,Canon RF 50mm F1.8 STM (1-1 cropped).jpg,,wikidata
canon-rf-600mm-f11-is-stm,Canon RF 600mm F11 IS STM,Canon RF lens mount,600,11,2020,,,images/canon/canon-rf-600mm-f11-is-stm.jpg,Q97154478,Canon RF 600 11-8055.jpg,,wikidata
canon-rf-600mm-f4-l-is-usm,Canon RF 600mm F4 L IS USM,Canon RF lens mount,600,4,2021,,,,Q112756146,,,wikidata
canon-rf-7-14mm-f2-8-3-5-l-fisheye-stm,Canon RF 7-14mm F2.8-3.5 L Fisheye STM,Canon RF lens mount,7-14,2.8,2026,,,,Q138011609,,,wikidata
canon-rf-70-200mm-f2-8-l-is-usm,Canon RF 70-200mm F2.8 L IS USM,Canon RF lens mount,70-200,2.8,2019,,,images/canon/canon-rf-70-200mm-f2-8-l-is-usm.jpg,Q97152450,"Canon RF 70-200 2,8-8064.jpg",,wikidata
canon-rf-70-200mm-f2-8-l-is-usm-z,Canon RF 70-200mm F2.8 L IS USM Z,Canon RF lens mount,70-200,2.8,2024,,,images/canon/canon-rf-70-200mm-f2-8-l-is-usm-z.jpg,Q130732535,Canon RF 70-200mm F2.8L IS USM Z.jpg,,wikidata
canon-rf-70-200mm-f4-l-is-usm,Canon RF 70-200mm F4 L IS USM,Canon RF lens mount,70-200,4,2020,,,images/canon/canon-rf-70-200mm-f4-l-is-usm.jpg,Q112756154,Canon RF 70–200mm.jpg,,wikidata
canon-rf-75-300mm-f4-5-6,Canon RF 75-300mm F4-5.6,Canon RF lens mount,75-300,4,2025,,,,Q134282902,,,wikidata
canon-rf-800mm-f11-is-stm,Canon RF 800mm F11 IS STM,Canon RF lens mount,800,11,2020,,,images/canon/canon-rf-800mm-f11-is-stm.jpg,Q97154500,Canon R5 und RF 800 11-8061.jpg,,wikidata
canon-rf-800mm-f5-6-l-is-usm,Canon RF 800mm F5.6 L IS USM,Canon RF lens mount,800,5.6,2022,,,images/canon/canon-rf-800mm-f5-6-l-is-usm.jpg,Q112756145,Canon RF 800mm f5.6L IS USM.jpg,,wikidata
canon-rf-85mm-f1-2-l-usm,Canon RF 85mm F1.2 L USM,Canon RF lens mount,85,1.2,2019,,,images/canon/canon-rf-85mm-f1-2-l-usm.jpg,Q97154469,"Canon R6 und RF 85 1,2-8068.jpg",,wikidata
canon-rf-85mm-f1-2-l-usm-ds,Canon RF 85mm F1.2 L USM DS,Canon RF lens mount,85,1.2,2019,,,,Q112756141,,,wikidata
canon-rf-85mm-f1-4-l-vcm,Canon RF 85mm F1.4 L VCM,Canon RF lens mount,85,1.4,2025,,,,Q136193565,,,wikidata
canon-rf-85mm-f2-0-macro-is-stm,Canon RF 85mm F2.0 Macro IS STM,Canon RF lens mount,85,2,2020,,,images/canon/canon-rf-85mm-f2-0-macro-is-stm.jpg,Q97154537,Canon RF 85mm F2 Macro IS STM (3-4 cropped).jpg,,wikidata
canon-rf-s-10-18mm-f4-5-6-3-is-stm,Canon RF-S 10-18mm F4.5-6.3 IS STM,Canon RF lens mount,10-18,4.5,2023,,,images/canon/canon-rf-s-10-18mm-f4-5-6-3-is-stm.jpg,Q123399005,Canon RF-S 10-18mm F4.5-6.3 IS STM by Henry Söderlund (1-1 crop).jpg,,wikidata
canon-rf-s-14-30mm-f4-6-3-is-stm-pz,Canon RF-S 14-30mm F4-6.3 IS STM PZ,Canon RF lens mount,14-30,4,2025,,,,Q133540661,,,wikidata
canon-rf-s-18-150mm-f3-5-6-3-is-stm,Canon RF-S 18-150mm F3.5-6.3 IS STM,Canon RF lens mount,18-150,3.5,2022,,,images/canon/canon-rf-s-18-150mm-f3-5-6-3-is-stm.jpg,Q112756152,Canon EOS R7.jpg,,wikidata
canon-rf-s-18-45mm-f4-5-6-3-is-stm,Canon RF-S 18-45mm F4.5-6.3 IS STM,Canon RF lens mount,18-45,4.5,2022,,,images/canon/canon-rf-s-18-45mm-f4-5-6-3-is-stm.jpg,Q112756151,Canon EOS R10 outside of Stage B 20230128.jpg,,wikidata
canon-rf-s-3-9mm-f3-5-stm-dual-fisheye,Canon RF-S 3.9mm F3.5 STM DUAL FISHEYE,Canon RF lens mount,3.9,3.5,2024,,,,Q126488145,,,wikidata
canon-rf-s-55-210-mm-f5-7-1-is-stm,Canon RF-S 55-210 mm F5-7.1 IS STM,Canon RF lens mount,55-210,5,2023,,,images/canon/canon-rf-s-55-210-mm-f5-7-1-is-stm.jpg,Q116910908,Canon EOS R50+RF-S 55-210mm f5-7.1 IS STM.jpg,,wikidata
canon-rf-s-7-8mm-f4-stm-dual-lens-vr,Canon RF-S 7.8mm F4 STM Dual Lens VR,Canon RF lens mount,7.8,4,2024,,,,Q130732518,,,wikidata
canon-ts-35mm-f-2-8-s-s-c,Canon TS 35mm f/2.8 S.S.C.,Canon FD lens mount,35,2.8,1973,58,550,,,,,wikipedia
canon-ts-e-135mm-f-4l-macro,Canon TS-E 135mm f/4L Macro,Canon EF lens mount,135,4,2017,,,images/canon/canon-ts-e-135mm-f-4l-macro.jpg,Q39059782,Canon TS-E 135mm.jpg,https://en.wikipedia.org/wiki/Canon_TS-E_135mm_lens,wikidata
canon-ts-e-17-mm,Canon TS-E 17 mm,Canon EF lens mount,17,4,2009,,,images/canon/canon-ts-e-17-mm.jpg,Q3880571,TS-E 17mm f4L.jpg,https://en.wikipedia.org/wiki/Canon_TS-E_17mm_lens,wikidata
canon-ts-e-24mm-lens,Canon TS-E 24mm lens,,24,3.5,,,,images/canon/canon-ts-e-24mm-lens.jpg,Q2936464,Canon TS-E 24mm f3.5L II.jpg,https://en.wikipedia.org/wiki/Canon_TS-E_24mm_lens,wikidata
canon-ts-e-45mm-lens,Canon TS-E 45mm lens,Canon EF lens mount,45,2.8,1991,,,images/canon/canon-ts-e-45mm-lens.jpg,Q3880574,Canon TSE 45.jpg,https://en.wikipedia.org/wiki/Canon_TS-E_45mm_lens,wikidata
canon-ts-e-50mm-lens,Canon TS-E 50mm lens,Canon EF lens mount,50,2.8,2017,,,,Q39059726,,https://en.wikipedia.org/wiki/Canon_TS-E_50mm_lens,wikidata
canon-ts-e-90mm-lens,Canon TS-E 90mm lens,,90,,,,,images/canon/canon-ts-e-90mm-lens.jpg,Q3880573,Canon TSE 90.jpg,https://en.wikipedia.org/wiki/Canon_TS-E_90mm_lens,wikidata
canon-zoom-lens-3x-15-45mm-f2-8-5-6-is,Canon zoom lens 3x 15-45mm F2.8-5.6 IS,,15-45,2.8,,,,,Q115782662,,,wikidata
cn-e-85mm-t1-3-l-f,CN-E 85mm T1.3 L F,,85,,,,,,Q17048961,,https://en.wikipedia.org/wiki/CN-E_85mm_T1.3_L_F,wikidata
ef-s18-55mm-f-3-5-5-6-usm,EF-S18-55mm f/3.5-5.6 USM,,18-55,3.5,,,,,Q68733683,,,wikidata
