image,model,commons_file,author,licence,licence_url,source
images/canon/canon-a-1.jpg,Canon A-1,Canon a1.JPG,Martintoy,CC BY 3.0,https://creativecommons.org/licenses/by/3.0,https://commons.wikimedia.org/wiki/File:Canon_a1.JPG
images/canon/canon-ae-1-program.jpg,Canon AE-1 Program,Canon AE-1 Program D Barthel.jpg,Denis Barthel,CC BY-SA 4.0,https://creativecommons.org/licenses/by-sa/4.0,https://commons.wikimedia.org/wiki/File:Canon_AE-1_Program_D_Barthel.jpg
images/canon/canon-ae-1.jpg,Canon AE-1,Canon AE-1 front with 50mm lens.jpg,en:User:Cburnett,CC BY-SA 3.0,http://creativecommons.org/licenses/by-sa/3.0/,https://commons.wikimedia.org/wiki/File:Canon_AE-1_front_with_50mm_lens.jpg
images/canon/canon-al-1.jpg,Canon AL-1,Canon AL-1 film camera.jpg,Riverguardian,CC BY-SA 4.0,https://creativecommons.org/licenses/by-sa/4.0,https://commons.wikimedia.org/wiki/File:Canon_AL-1_film_camera.jpg
images/canon/canon-at-1.jpg,Canon AT-1,Canon AT-1- 50mm.jpg,Nismo834,Public domain,,https://commons.wikimedia.org/wiki/File:Canon_AT-1-_50mm.jpg
images/canon/canon-av-1.jpg,Canon AV-1,Canon AV-1 front web.jpg,SNx at English Wikipedia,CC BY-SA 3.0,http://creativecommons.org/licenses/by-sa/3.0/,https://commons.wikimedia.org/wiki/File:Canon_AV-1_front_web.jpg
images/canon/canon-canonflex.jpg,Canon Canonflex,Canonflex RP 50mm.jpg,Hiyotada,CC BY-SA 3.0,https://creativecommons.org/licenses/by-sa/3.0,https://commons.wikimedia.org/wiki/File:Canonflex_RP_50mm.jpg
images/canon/canon-ef-100-300mm-lens.jpg,Canon EF 100-300mm lens,Canon 100-300.jpg,GodeNehler,CC BY-SA 4.0,https://creativecommons.org/licenses/by-sa/4.0,https://commons.wikimedia.org/wiki/File:Canon_100-300.jpg
images/canon/canon-ef-100-400mm-lens.jpg,Canon EF 100-400mm lens,Objektivschelle2.jpg,No machine-readable author provided. Kapege.de assumed (based on copyright claims).,CC BY-SA 2.5,https://creativecommons.org/licenses/by-sa/2.5,https://commons.wikimedia.org/wiki/File:Objektivschelle2.jpg
images/canon/canon-ef-100mm-f2-8l-macro-is-usm.jpg,Canon EF 100mm F2.8L Macro IS USM,Canon EF 100mm f2.8L Macro IS USM front horizontal.jpg,Lucasbosch,CC BY-SA 3.0,https://creativecommons.org/licenses/by-sa/3.0,https://commons.wikimedia.org/wiki/File:Canon_EF_100mm_f2.8L_Macro_IS_USM_front_horizontal.jpg
images/canon/canon-ef-11-24mm-lens.jpg,Canon EF 11-24mm lens,Canon EF 11-24mm F4L USM.jpg,Basile Morin,CC BY-SA 4.0,https://creativecommons.org/licenses/by-sa/4.0,https://commons.wikimedia.org/wiki/File:Canon_EF_11-24mm_F4L_USM.jpg
images/canon/canon-ef-1200-mm-f-5-6-l-usm.jpg,Canon EF 1200 mm f/5.6 L USM,Canon EF 1200mm ƒ-5.6 L USM.jpg,"John Lemieux from Mammoth Lakes, USA",CC BY 2.0,https://creativecommons.org/licenses/by/2.0,https://commons.wikimedia.org/wiki/File:Canon_EF_1200mm_%C6%92-5.6_L_USM.jpg
images/canon/canon-ef-135mm-f2l-usm.jpg,Canon EF 135mm F2L USM,Canon EF 135mm f2L.jpg,Xanthous Onyx,CC BY-SA 3.0,https://creativecommons.org/licenses/by-sa/3.0,https://commons.wikimedia.org/wiki/File:Canon_EF_135mm_f2L.jpg
images/canon/canon-ef-14mm-f2-8l-ii-usm.jpg,Canon EF 14mm F2.8L II USM,Canon EF 14.jpg,GodeNehler,CC BY-SA 4.0,https://creativecommons.org/licenses/by-sa/4.0,https://commons.wikimedia.org/wiki/File:Canon_EF_14.jpg
images/canon/canon-ef-15mm-lens.jpg,Canon EF 15mm lens,Ef15mm.jpg,StephanWershoven,CC BY 3.0,https://creativecommons.org/licenses/by/3.0,https://commons.wikimedia.org/wiki/File:Ef15mm.jpg
images/canon/canon-ef-16-35mm-f4l-is-usm.jpg,Canon EF 16-35mm F4L IS USM,Canon EF 16-35mm f4L IS USM front horizontal with hood.jpg,Lucasbosch,CC BY-SA 4.0,https://creativecommons.org/licenses/by-sa/4.0,https://commons.wikimedia.org/wiki/File:Canon_EF_16-35mm_f4L_IS_USM_front_horizontal_with_hood.jpg
images/canon/canon-ef-17-40mm-lens.jpg,Canon EF 17-40mm lens,Canon EF 17-40mm f4L USM.jpg,Nebrot,CC BY-SA 3.0,https://creativecommons.org/licenses/by-sa/3.0,https://commons.wikimedia.org/wiki/File:Canon_EF_17-40mm_f4L_USM.jpg
images/canon/canon-ef-180mm-f-3-5l-macro-usm-lens.jpg,Canon EF 180mm f/3.5L Macro USM lens,Canon EF 180mm f3.5L Macro USM front angled with tripod ring rotated.jpg,Lucasbosch,CC BY-SA 3.0,https://creativecommons.org/licenses/by-sa/3.0,https://commons.wikimedia.org/wiki/File:Canon_EF_180mm_f3.5L_Macro_USM_front_angled_with_tripod_ring_rotated.jpg
images/canon/canon-ef-20-35mm-lens.jpg,Canon EF 20-35mm lens,Canon EF 20-35mm f3.5-4.5 lens.JPG,Geognerd,CC BY-SA 4.0,https://creativecommons.org/licenses/by-sa/4.0,https://commons.wikimedia.org/wiki/File:Canon_EF_20-35mm_f3.5-4.5_lens.JPG
images/canon/canon-ef-200-400mm-f-4l-is-usm-extender-1-4x-lens.jpg,Canon EF 200-400mm f/4L IS USM Extender 1.4x lens,Canon EF 200-400mm cut.jpg,GodeNehler,CC BY-SA 4.0,https://creativecommons.org/licenses/by-sa/4.0,https://commons.wikimedia.org/wiki/File:Canon_EF_200-400mm_cut.jpg
images/canon/canon-ef-200mm-lens.jpg,Canon EF 200mm lens,Canon-200mm-2.8-L.jpg,Dirk-Jan Kraan,CC BY-SA 3.0,https://creativecommons.org/licenses/by-sa/3.0,https://commons.wikimedia.org/wiki/File:Canon-200mm-2.8-L.jpg
images/canon/canon-ef-20mm-lens.jpg,Canon EF 20mm lens,Canon-20mm MG 2033.jpg,Rama,CC BY-SA 2.0 fr,https://creativecommons.org/licenses/by-sa/2.0/fr/deed.en,https://commons.wikimedia.org/wiki/File:Canon-20mm_MG_2033.jpg
images/canon/canon-ef-22-55mm-lens.jpg,Canon EF 22-55mm lens,"Canon EF 22 55 mm f 4 5,6 USM.JPG",Carlosdisogra,CC BY-SA 3.0,https://creativecommons.org/licenses/by-sa/3.0,"https://commons.wikimedia.org/wiki/File:Canon_EF_22_55_mm_f_4_5,6_USM.JPG"
images/canon/canon-ef-24-105mm-f4l-is-ii-usm.jpg,Canon EF 24-105mm F4L IS II USM,Canon EOS 5D Mark IV+EF 24-105mm f4L IS II USM.jpg,Dinkun Chen,CC BY-SA 4.0,https://creativecommons.org/licenses/by-sa/4.0,https://commons.wikimedia.org/wiki/File:Canon_EOS_5D_Mark_IV%2BEF_24-105mm_f4L_IS_II_USM.jpg
images/canon/canon-ef-24-70mm-f-2-8l-ii-usm.jpg,Canon EF 24-70mm f/2.8L II USM,Canon EF 24-70mm II.jpg,decltype,CC BY-SA 3.0,https://creativecommons.org/licenses/by-sa/3.0,https://commons.wikimedia.org/wiki/File:Canon_EF_24-70mm_II.jpg
images/canon/canon-ef-24-85mm-f3-5-4-5-usm.jpg,Canon EF 24-85mm F3.5-4.5 USM,Canon EF 24-85 f3.5-4.5 USM.jpg,BulletZ,CC BY-SA 3.0,https://creativecommons.org/licenses/by-sa/3.0,https://commons.wikimedia.org/wiki/File:Canon_EF_24-85_f3.5-4.5_USM.jpg
images/canon/canon-ef-24mm-f1-4l-ii-usm.jpg,Canon EF 24mm F1.4L II USM,Canon EF 24 f1.4.jpg,GodeNehler,CC BY-SA 4.0,https://creativecommons.org/licenses/by-sa/4.0,https://commons.wikimedia.org/wiki/File:Canon_EF_24_f1.4.jpg
images/canon/canon-ef-24mm-f2-8.jpg,Canon EF 24mm F2.8,Canon24mmf280200.jpg,Ashley Pomeroy (talk),CC BY 3.0,https://creativecommons.org/licenses/by/3.0,https://commons.wikimedia.org/wiki/File:Canon24mmf280200.jpg
images/canon/canon-ef-28-105mm-lens.jpg,Canon EF 28-105mm lens,Canon EF 28-105mm F3.5-4.5 II USM.jpg,Thegreenj,CC BY-SA 3.0,http://creativecommons.org/licenses/by-sa/3.0/,https://commons.wikimedia.org/wiki/File:Canon_EF_28-105mm_F3.5-4.5_II_USM.jpg
images/canon/canon-ef-28-135mm-lens.jpg,Canon EF 28-135mm lens,Canon ef 28-135 is usm.jpg,,Public domain,,https://commons.wikimedia.org/wiki/File:Canon_ef_28-135_is_usm.jpg
images/canon/canon-ef-28-300mm-lens.jpg,Canon EF 28-300mm lens,Canon EF 28-300 L IS horizontal-view.jpg,Benjamin.nagel,CC BY-SA 3.0,https://creativecommons.org/licenses/by-sa/3.0,https://commons.wikimedia.org/wiki/File:Canon_EF_28-300_L_IS_horizontal-view.jpg
images/canon/canon-ef-28-70mm-f3-5-4-5-ii.jpg,Canon EF 28-70mm f3.5-4.5 II,Canon EF 28-70mm f3.5-4.5 II Lens.jpg,DYVER,CC BY-SA 4.0,https://creativecommons.org/licenses/by-sa/4.0,https://commons.wikimedia.org/wiki/File:Canon_EF_28-70mm_f3.5-4.5_II_Lens.jpg
images/canon/canon-ef-28-80mm-lens.jpg,Canon EF 28-80mm lens,Canon 28-80mm f3.5-5.6 USM 3687.jpg,Ashley Pomeroy,CC BY 4.0,https://creativecommons.org/licenses/by/4.0,https://commons.wikimedia.org/wiki/File:Canon_28-80mm_f3.5-5.6_USM_3687.jpg
images/canon/canon-ef-28-90mm-f4-5-6.jpg,Canon EF 28-90mm F4-5.6,Canon EF 28–90 mm.jpg,Lars A,CC BY-SA 4.0,https://creativecommons.org/licenses/by-sa/4.0,https://commons.wikimedia.org/wiki/File:Canon_EF_28%E2%80%9390_mm.jpg
images/canon/canon-ef-28mm-lens.jpg,Canon EF 28mm lens,Canon EF 28mm f1.8 USM.jpg,Charles Lanteigne,CC BY-SA 3.0,https://creativecommons.org/licenses/by-sa/3.0,https://commons.wikimedia.org/wiki/File:Canon_EF_28mm_f1.8_USM.jpg
images/canon/canon-ef-300mm-lens.jpg,Canon EF 300mm lens,Canon EF 300mm f4L IS USM.JPG,Nebrot,CC BY-SA 3.0,https://creativecommons.org/licenses/by-sa/3.0,https://commons.wikimedia.org/wiki/File:Canon_EF_300mm_f4L_IS_USM.JPG
images/canon/canon-ef-35-350mm-lens.jpg,Canon EF 35-350mm lens,Canon EF 35-350mm f3.5-5.6L.jpg,ScotSNP,CC BY-SA 4.0,https://creativecommons.org/licenses/by-sa/4.0,https://commons.wikimedia.org/wiki/File:Canon_EF_35-350mm_f3.5-5.6L.jpg
images/canon/canon-ef-35-70mm-lens.jpg,Canon EF 35-70mm lens,Canon EF 35-70mm F3.5-4.5.jpg,"Tobias ""ToMar"" Maier",CC BY-SA 3.0,https://creativecommons.org/licenses/by-sa/3.0,https://commons.wikimedia.org/wiki/File:Canon_EF_35-70mm_F3.5-4.5.jpg
images/canon/canon-ef-35-80mm-lens.jpg,Canon EF 35-80mm lens,CanonEF 35-80 III.jpg,Alessio Facchin,CC BY-SA 3.0,https://creativecommons.org/licenses/by-sa/3.0,https://commons.wikimedia.org/wiki/File:CanonEF_35-80_III.jpg
images/canon/canon-ef-35mm-f-2.jpg,Canon EF 35mm f/2,Canon 35mm f2 II.jpg,Martybugs (talk),CC BY 3.0,https://creativecommons.org/licenses/by/3.0,https://commons.wikimedia.org/wiki/File:Canon_35mm_f2_II.jpg
images/canon/canon-ef-400mm-f2-8l-is-ii-usm.jpg,Canon EF 400mm F2.8L IS II USM,Canon EF 400mm f2.8L IS II USM lens.jpg,John Torcasio,CC BY-SA 4.0,https://creativecommons.org/licenses/by-sa/4.0,https://commons.wikimedia.org/wiki/File:Canon_EF_400mm_f2.8L_IS_II_USM_lens.jpg
images/canon/canon-ef-40mm-lens.jpg,Canon EF 40mm lens,Canon EF 40mm f2.8 STM 9409.jpg,Ashley Pomeroy,CC BY-SA 4.0,https://creativecommons.org/licenses/by-sa/4.0,https://commons.wikimedia.org/wiki/File:Canon_EF_40mm_f2.8_STM_9409.jpg
images/canon/canon-ef-500mm-lens.jpg,Canon EF 500mm lens,Canon EF 500.jpg,GodeNehler,CC BY-SA 4.0,https://creativecommons.org/licenses/by-sa/4.0,https://commons.wikimedia.org/wiki/File:Canon_EF_500.jpg
images/canon/canon-ef-50mm-f1-0l-usm.jpg,Canon EF 50mm F1.0L USM,Canon EF 50mm f 1.0L.JPG,Tt mt6,CC BY-SA 3.0,https://creativecommons.org/licenses/by-sa/3.0,https://commons.wikimedia.org/wiki/File:Canon_EF_50mm_f_1.0L.JPG
images/canon/canon-ef-50mm-f1-2l-usm.jpg,Canon EF 50mm F1.2L USM,Canon-50mm-f12 MG 2028.jpg,Rama,CC BY-SA 2.0 fr,https://creativecommons.org/licenses/by-sa/2.0/fr/deed.en,https://commons.wikimedia.org/wiki/File:Canon-50mm-f12_MG_2028.jpg
images/canon/canon-ef-50mm-f1-8-ii.jpg,Canon EF 50mm F1.8 II,Canon EF 50mm 18 II.JPG,Nebrot,CC BY-SA 3.0,https://creativecommons.org/licenses/by-sa/3.0,https://commons.wikimedia.org/wiki/File:Canon_EF_50mm_18_II.JPG
images/canon/canon-ef-50mm-f1-8-stm.jpg,Canon EF 50mm F1.8 STM,Ef 50mm stm.JPG,Geognerd,CC BY-SA 4.0,https://creativecommons.org/licenses/by-sa/4.0,https://commons.wikimedia.org/wiki/File:Ef_50mm_stm.JPG
images/canon/canon-ef-50mm-f1-8.jpg,Canon EF 50mm F1.8,Canon EF 50mm f18.jpg,JTPickering,CC BY 3.0,https://creativecommons.org/licenses/by/3.0,https://commons.wikimedia.org/wiki/File:Canon_EF_50mm_f18.jpg
images/canon/canon-ef-600mm-lens.jpg,Canon EF 600mm lens,Canon EF 600.jpg,GodeNehler,CC BY-SA 4.0,https://creativecommons.org/licenses/by-sa/4.0,https://commons.wikimedia.org/wiki/File:Canon_EF_600.jpg
images/canon/canon-ef-70-200mm-f2-8l-is-ii-usm.jpg,Canon EF 70-200mm F2.8L IS II USM,Canon Zoom-Lens EF 70-200 F2.8L IS II USM-01a.jpg,"CEphoto, Uwe Aranas",CC BY-SA 3.0,https://creativecommons.org/licenses/by-sa/3.0,https://commons.wikimedia.org/wiki/File:Canon_Zoom-Lens_EF_70-200_F2.8L_IS_II_USM-01a.jpg
images/canon/canon-ef-70-200mm-f2-8l-is-iii-usm.jpg,Canon EF 70-200mm F2.8L IS III USM,Canon EF 70-200mm f2.8L IS III USM.jpg,Katie Chan,CC BY-SA 4.0,https://creativecommons.org/licenses/by-sa/4.0,https://commons.wikimedia.org/wiki/File:Canon_EF_70-200mm_f2.8L_IS_III_USM.jpg
images/canon/canon-ef-70-200mm-f2-8l-usm.jpg,Canon EF 70-200mm F2.8L USM,Canon EF 70-200mm f4 IS USM.jpg,Samuel Wong,CC BY-SA 4.0,https://creativecommons.org/licenses/by-sa/4.0,https://commons.wikimedia.org/wiki/File:Canon_EF_70-200mm_f4_IS_USM.jpg
images/canon/canon-ef-70-210mm-lens.jpg,Canon EF 70-210mm lens,Canon 70-210mm f4 7303.jpg,Ashley Pomeroy,CC BY 3.0,https://creativecommons.org/licenses/by/3.0,https://commons.wikimedia.org/wiki/File:Canon_70-210mm_f4_7303.jpg
images/canon/canon-ef-70-300mm-f4-5-6-is-ii-usm.jpg,Canon EF 70-300mm F4-5.6 IS II USM,Canon 70-300 DO MG 2020.jpg,Rama,CC BY-SA 2.0 fr,https://creativecommons.org/licenses/by-sa/2.0/fr/deed.en,https://commons.wikimedia.org/wiki/File:Canon_70-300_DO_MG_2020.jpg
images/canon/canon-ef-70-300mm-f4-5-6-is-usm.jpg,Canon EF 70-300mm F4-5.6 IS USM,Canon 70-300mm f4-5.6 is usm.jpg,Rendler,Public domain,,https://commons.wikimedia.org/wiki/File:Canon_70-300mm_f4-5.6_is_usm.jpg
images/canon/canon-ef-75-300mm-f4-5-6-iii.jpg,Canon EF 75-300mm F4-5.6 III,Canon EF 75-300 f-4-5.6 III.jpg,Eusebius,CC BY 3.0,https://creativecommons.org/licenses/by/3.0,https://commons.wikimedia.org/wiki/File:Canon_EF_75-300_f-4-5.6_III.jpg
images/canon/canon-ef-8-15mm-lens.jpg,Canon EF 8-15mm lens,Canon EF 8-15mmm F4L Fisheye USM cutaway 2012 CP+.jpg,Morio,CC BY-SA 3.0,https://creativecommons.org/licenses/by-sa/3.0,https://commons.wikimedia.org/wiki/File:Canon_EF_8-15mmm_F4L_Fisheye_USM_cutaway_2012_CP%2B.jpg
images/canon/canon-ef-80-200mm-lens.jpg,Canon EF 80-200mm lens,Canon80-200mm.jpg,Adholmes,CC BY-SA 3.0,https://creativecommons.org/licenses/by-sa/3.0,https://commons.wikimedia.org/wiki/File:Canon80-200mm.jpg
images/canon/canon-ef-800mm-f-5-6l-is-usm.jpg,Canon EF 800mm f/5.6L IS USM,Canon EF 800.jpg,GodeNehler,CC BY-SA 4.0,https://creativecommons.org/licenses/by-sa/4.0,https://commons.wikimedia.org/wiki/File:Canon_EF_800.jpg
images/canon/canon-ef-85mm-f1-2l-ii-usm.jpg,Canon EF 85mm F1.2L II USM,Canon EF 85mm f1.2L II USM Hooded.jpg,Charles Lanteigne,CC BY-SA 3.0,https://creativecommons.org/licenses/by-sa/3.0,https://commons.wikimedia.org/wiki/File:Canon_EF_85mm_f1.2L_II_USM_Hooded.jpg
images/canon/canon-ef-90-300mm-lens.jpg,Canon EF 90-300mm lens,Canon EF 90-300mm.JPG,Supertin at English Wikipedia,CC BY 3.0,https://creativecommons.org/licenses/by/3.0,https://commons.wikimedia.org/wiki/File:Canon_EF_90-300mm.JPG
images/canon/canon-ef-m.jpg,Canon EF-M,Canon-ef-m-front.jpg,Lukke at Polish Wikipedia,Public domain,,https://commons.wikimedia.org/wiki/File:Canon-ef-m-front.jpg
images/canon/canon-ef.jpg,Canon EF,Canon EF top.jpg,No machine-readable author provided. Jean-Jacques MILAN assumed (based on copyright claims).,Public domain,,https://commons.wikimedia.org/wiki/File:Canon_EF_top.jpg
images/canon/canon-eos-1.jpg,Canon EOS-1,Canon EOS 1 kpl.jpg,Wolf4max. Wolf4max at German Wikipedia,CC BY-SA 3.0,https://creativecommons.org/licenses/by-sa/3.0,https://commons.wikimedia.org/wiki/File:Canon_EOS_1_kpl.jpg
images/canon/canon-eos-10-qd.jpg,Canon EOS 10 QD,Canon EOS 10 QD front-left 2016 Canon Plaza S.jpg,Morio,CC BY-SA 4.0,https://creativecommons.org/licenses/by-sa/4.0,https://commons.wikimedia.org/wiki/File:Canon_EOS_10_QD_front-left_2016_Canon_Plaza_S.jpg
images/canon/canon-eos-100.jpg,Canon EOS 100,CanonEOS100with50mmLens.jpg,ML5 at English Wikipedia,Public domain,,https://commons.wikimedia.org/wiki/File:CanonEOS100with50mmLens.jpg
images/canon/canon-eos-1000.jpg,Canon EOS 1000,EOS Rebel body.jpg,Dave Pape,Public domain,,https://commons.wikimedia.org/wiki/File:EOS_Rebel_body.jpg
images/canon/canon-eos-1n-rs.jpg,Canon EOS-1N RS,Logo Canon EOS-1N RS.jpg,Everton Yamamoto,CC BY 2.0,https://creativecommons.org/licenses/by/2.0,https://commons.wikimedia.org/wiki/File:Logo_Canon_EOS-1N_RS.jpg
images/canon/canon-eos-1n.jpg,Canon EOS-1N,Canon EOS-1N camera.jpg,ShikikanZero,CC BY-SA 3.0,https://creativecommons.org/licenses/by-sa/3.0,https://commons.wikimedia.org/wiki/File:Canon_EOS-1N_camera.jpg
images/canon/canon-eos-1v.jpg,Canon EOS-1v,Canon EOS 1V HS -01.jpg,DYVER,CC BY-SA 4.0,https://creativecommons.org/licenses/by-sa/4.0,https://commons.wikimedia.org/wiki/File:Canon_EOS_1V_HS_-01.jpg
images/canon/canon-eos-3.jpg,Canon EOS-3,Canon EOS-3.jpg,"Elliot from Castro Valley, California, USA",CC BY-SA 2.0,https://creativecommons.org/licenses/by-sa/2.0,https://commons.wikimedia.org/wiki/File:Canon_EOS-3.jpg
images/canon/canon-eos-30.jpg,Canon EOS 30,EOS30 CRW 9668.jpg,Okj982164,CC BY-SA 4.0,https://creativecommons.org/licenses/by-sa/4.0,https://commons.wikimedia.org/wiki/File:EOS30_CRW_9668.jpg
images/canon/canon-eos-300.jpg,Canon EOS 300,CanonEOS300.png,Jeffrey Walker,CC BY-SA 2.5,https://creativecommons.org/licenses/by-sa/2.5,https://commons.wikimedia.org/wiki/File:CanonEOS300.png
images/canon/canon-eos-3000.jpg,Canon EOS 3000,My Canon Eos 3000 with Tamron Af 70 - 300 mm lens (26497880350).jpg,m66roepers from Nederland,CC BY 2.0,https://creativecommons.org/licenses/by/2.0,https://commons.wikimedia.org/wiki/File:My_Canon_Eos_3000_with_Tamron_Af_70_-_300_mm_lens_(26497880350).jpg
images/canon/canon-eos-3000n.jpg,Canon EOS 3000N,Canon EOS 3000n - Analogfilm Kamera - 01.jpg,DYVER,CC BY-SA 4.0,https://creativecommons.org/licenses/by-sa/4.0,https://commons.wikimedia.org/wiki/File:Canon_EOS_3000n_-_Analogfilm_Kamera_-_01.jpg
images/canon/canon-eos-3000v.jpg,Canon EOS 3000V,EOS 3000V.jpg,Thomas Wydra,CC BY-SA 3.0,https://creativecommons.org/licenses/by-sa/3.0,https://commons.wikimedia.org/wiki/File:EOS_3000V.jpg
images/canon/canon-eos-300v.jpg,Canon EOS 300V,Canon EOS 300V.jpg,Ham12343,CC BY-SA 3.0,https://creativecommons.org/licenses/by-sa/3.0,https://commons.wikimedia.org/wiki/File:Canon_EOS_300V.jpg
images/canon/canon-eos-30v.jpg,Canon EOS 30V,Eos 30v-1-weba.jpg,Mfunnell at English Wikipedia,CC BY-SA 3.0,http://creativecommons.org/licenses/by-sa/3.0/,https://commons.wikimedia.org/wiki/File:Eos_30v-1-weba.jpg
images/canon/canon-eos-5.jpg,Canon EOS 5,Canon EOS 5 01.jpg,Håkan Dahlström,CC BY 2.0,https://creativecommons.org/licenses/by/2.0,https://commons.wikimedia.org/wiki/File:Canon_EOS_5_01.jpg
images/canon/canon-eos-50.jpg,Canon EOS 50,Canon EOS 50e 1255.jpg,Ashley Pomeroy,CC BY-SA 4.0,https://creativecommons.org/licenses/by-sa/4.0,https://commons.wikimedia.org/wiki/File:Canon_EOS_50e_1255.jpg
images/canon/canon-eos-500.jpg,Canon EOS 500,Canon EOS Kiss front-left 2016 Canon Plaza S.jpg,Morio,CC BY-SA 4.0,https://creativecommons.org/licenses/by-sa/4.0,https://commons.wikimedia.org/wiki/File:Canon_EOS_Kiss_front-left_2016_Canon_Plaza_S.jpg
images/canon/canon-eos-500n.jpg,Canon EOS 500N,Canon EOS 500N & Carton 135mm f2.8.jpg,asgw,CC BY 2.0,https://creativecommons.org/licenses/by/2.0,https://commons.wikimedia.org/wiki/File:Canon_EOS_500N_%26_Carton_135mm_f2.8.jpg
images/canon/canon-eos-50e.jpg,Canon EOS 50E,Canon EOS50s BL.jpg,Bertrand Labévue,CC BY-SA 4.0,https://creativecommons.org/licenses/by-sa/4.0,https://commons.wikimedia.org/wiki/File:Canon_EOS50s_BL.jpg
images/canon/canon-eos-620.jpg,Canon EOS 620,Canon EOS 620.jpg,Eki1,CC BY-SA 4.0,https://creativecommons.org/licenses/by-sa/4.0,https://commons.wikimedia.org/wiki/File:Canon_EOS_620.jpg
images/canon/canon-eos-630.jpg,Canon EOS 630,Canon EOS 600.jpg,Karl-Heinz Münker-Appel,CC BY-SA 3.0 de,https://creativecommons.org/licenses/by-sa/3.0/de/deed.en,https://commons.wikimedia.org/wiki/File:Canon_EOS_600.jpg
images/canon/canon-eos-650.jpg,Canon EOS 650,Canon EOS 650.jpg,Thomas Steiner,CC BY-SA 2.5,https://creativecommons.org/licenses/by-sa/2.5,https://commons.wikimedia.org/wiki/File:Canon_EOS_650.jpg
images/canon/canon-eos-850.jpg,Canon EOS 850,Canon eos 850 canon ef 35-80 zoom (51887701377).jpg,Joost J. Bakker IJmuiden,CC BY 2.0,https://creativecommons.org/licenses/by/2.0,https://commons.wikimedia.org/wiki/File:Canon_eos_850_canon_ef_35-80_zoom_(51887701377).jpg
images/canon/canon-eos-ix.jpg,Canon EOS IX,Canon EOS IX E Austin Calhoon Photograph.jpg,Austin Calhoon,CC BY-SA 3.0,https://creativecommons.org/licenses/by-sa/3.0,https://commons.wikimedia.org/wiki/File:Canon_EOS_IX_E_Austin_Calhoon_Photograph.jpg
images/canon/canon-eos-rt.jpg,Canon EOS RT,Canon EOS RT.jpg,Phd0,Public domain,,https://commons.wikimedia.org/wiki/File:Canon_EOS_RT.jpg
images/canon/canon-extender-ef.jpg,Canon Extender EF,Canon EXT 2.jpg,GodeNehler,CC BY-SA 4.0,https://creativecommons.org/licenses/by-sa/4.0,https://commons.wikimedia.org/wiki/File:Canon_EXT_2.jpg
images/canon/canon-f-1.jpg,Canon F-1,Canon new F-1-Camera.jpg,Burkhard Mücke,CC BY-SA 4.0,https://creativecommons.org/licenses/by-sa/4.0,https://commons.wikimedia.org/wiki/File:Canon_new_F-1-Camera.jpg
images/canon/canon-f-1n.jpg,Canon F-1N,Canon new F-1-Camera.jpg,Burkhard Mücke,CC BY-SA 4.0,https://creativecommons.org/licenses/by-sa/4.0,https://commons.wikimedia.org/wiki/File:Canon_new_F-1-Camera.jpg
images/canon/canon-fd-500mm-f-4-5l.jpg,Canon FD 500mm f/4.5L,Canon FD 500mm f-8.0 reflex lens.jpg,Franz van Duns,CC BY-SA 4.0,https://creativecommons.org/licenses/by-sa/4.0,https://commons.wikimedia.org/wiki/File:Canon_FD_500mm_f-8.0_reflex_lens.jpg
images/canon/canon-fd-55mm-f-1-2-al.jpg,Canon FD 55mm f/1.2 AL,Canon FD 55mm f-1.2 S.S.C. Aspherical Lens (radioactive) (5770714676).jpg,s58y,CC BY 2.0,https://creativecommons.org/licenses/by/2.0,https://commons.wikimedia.org/wiki/File:Canon_FD_55mm_f-1.2_S.S.C._Aspherical_Lens_(radioactive)_(5770714676).jpg
images/canon/canon-fl-1200mm-lens.jpg,Canon FL 1200mm lens,Collector's item- fl 1200mm ssc lens.jpg,Seaberry Liu,CC BY-SA 4.0,https://creativecommons.org/licenses/by-sa/4.0,https://commons.wikimedia.org/wiki/File:Collector%27s_item-_fl_1200mm_ssc_lens.jpg
images/canon/canon-fp.jpg,Canon FP,Canon FP.jpg,Pbaser (talk) (Uploads),CC BY-SA 3.0,http://creativecommons.org/licenses/by-sa/3.0/,https://commons.wikimedia.org/wiki/File:Canon_FP.jpg
images/canon/canon-ft-ql.jpg,Canon FT QL,"Vintage Canon FT QL 35mm SLR Film Camera, Made In Japan, Circa 1966 - 1972 (13473210395).jpg",Joe Haupt from USA,CC BY-SA 2.0,https://creativecommons.org/licenses/by-sa/2.0,"https://commons.wikimedia.org/wiki/File:Vintage_Canon_FT_QL_35mm_SLR_Film_Camera,_Made_In_Japan,_Circa_1966_-_1972_(13473210395).jpg"
images/canon/canon-ftb.jpg,Canon FTb,Canon FTb.jpg,Opoterser,CC BY 3.0,https://creativecommons.org/licenses/by/3.0,https://commons.wikimedia.org/wiki/File:Canon_FTb.jpg
images/canon/canon-fx.jpg,Canon FX,Canon FX.jpg,Hiyotada,CC BY-SA 3.0,https://creativecommons.org/licenses/by-sa/3.0,https://commons.wikimedia.org/wiki/File:Canon_FX.jpg
images/canon/canon-mp-e-65mm-f-2-8-1-5x-macro-lens.jpg,Canon MP-E 65mm f/2.8 1-5x Macro lens,Canon MP-E65mm.jpg,"Richard Bartz, Munich aka Makro Freak",CC BY-SA 2.5,https://creativecommons.org/licenses/by-sa/2.5,https://commons.wikimedia.org/wiki/File:Canon_MP-E65mm.jpg
images/canon/canon-new-f-1.jpg,Canon New F-1,La toute nouvelle SECMA F16 ! - The all new SECMA F16 ! Circuit de Clastres le 10 mai 2014. (14139095706).jpg,"Grand Parc - Bordeaux, France from France",CC BY 2.0,https://creativecommons.org/licenses/by/2.0,https://commons.wikimedia.org/wiki/File:La_toute_nouvelle_SECMA_F16_!_-_The_all_new_SECMA_F16_!_Circuit_de_Clastres_le_10_mai_2014._(14139095706).jpg
images/canon/canon-pellix.jpg,Canon Pellix,Canon pellix.jpg,Hiyotada,CC BY-SA 3.0,https://creativecommons.org/licenses/by-sa/3.0,https://commons.wikimedia.org/wiki/File:Canon_pellix.jpg
images/canon/canon-rf-10-20mm-f4-l-is-stm.jpg,Canon RF 10-20mm F4 L IS STM,Canon RF 10-20mm f4 L STM lens.jpg,D. Benjamin Miller,CC0,http://creativecommons.org/publicdomain/zero/1.0/deed.en,https://commons.wikimedia.org/wiki/File:Canon_RF_10-20mm_f4_L_STM_lens.jpg
images/canon/canon-rf-100-400mm-f5-6-8-is-usm.jpg,Canon RF 100-400mm F5.6-8 IS USM,Canon RF 100–400mm F5.6–8 IS USM.jpg,TheFredST,CC BY-SA 4.0,https://creativecommons.org/licenses/by-sa/4.0,https://commons.wikimedia.org/wiki/File:Canon_RF_100%E2%80%93400mm_F5.6%E2%80%938_IS_USM.jpg
images/canon/canon-rf-100-500mm-f4-5-7-1-l-is-usm.jpg,Canon RF 100-500mm F4.5-7.1 L IS USM,Canon EOS R5+RF 100-500mm f4.5-7.1L IS USM(9).jpg,Dinkun Chen,CC BY-SA 4.0,https://creativecommons.org/licenses/by-sa/4.0,https://commons.wikimedia.org/wiki/File:Canon_EOS_R5%2BRF_100-500mm_f4.5-7.1L_IS_USM(9).jpg
images/canon/canon-rf-100mm-f2-8-l-macro-is-usm.jpg,Canon RF 100mm F2.8 L Macro IS USM,Canon RF 100mm F2.8L Macro IS USM.jpg,Christoffer Hjeltnes Støle,CC BY-SA 4.0,https://creativecommons.org/licenses/by-sa/4.0,https://commons.wikimedia.org/wiki/File:Canon_RF_100mm_F2.8L_Macro_IS_USM.jpg
images/canon/canon-rf-1200mm-f8-l-is-usm.jpg,Canon RF 1200mm F8 L IS USM,Canon RF 1200mm.jpg,Bernatargentona,CC BY 4.0,https://creativecommons.org/licenses/by/4.0,https://commons.wikimedia.org/wiki/File:Canon_RF_1200mm.jpg
images/canon/canon-rf-135mm-f1-8-l-is-usm.jpg,Canon RF 135mm F1.8 L IS USM,Canon RF 135mm f1.8L IS USM.jpg,Dinkun Chen,CC BY-SA 4.0,https://creativecommons.org/licenses/by-sa/4.0,https://commons.wikimedia.org/wiki/File:Canon_RF_135mm_f1.8L_IS_USM.jpg
images/canon/canon-rf-14-35mm-f4-l-is-usm.jpg,Canon RF 14-35mm F4 L IS USM,Canon RF 14-35mm F4L IS USM (3-4 cropped).jpg,Henry Söderlund,CC BY 2.0,https://creativecommons.org/licenses/by/2.0,https://commons.wikimedia.org/wiki/File:Canon_RF_14-35mm_F4L_IS_USM_(3-4_cropped).jpg
images/canon/canon-rf-15-30mm-f4-5-6-3-is-stm.jpg,Canon RF 15-30mm F4.5-6.3 IS STM,Canon RF 15-30mm F4.5-6.3 IS STM (3-4 cropped).jpg,Henry Söderlund,CC BY 2.0,https://creativecommons.org/licenses/by/2.0,https://commons.wikimedia.org/wiki/File:Canon_RF_15-30mm_F4.5-6.3_IS_STM_(3-4_cropped).jpg
images/canon/canon-rf-15-35mm-f2-8-l-is-usm.jpg,Canon RF 15-35mm F2.8 L IS USM,Canon RF 15-35mm F2.8L IS USM.jpg,Christoffer Hjeltnes Støle,CC BY-SA 4.0,https://creativecommons.org/licenses/by-sa/4.0,https://commons.wikimedia.org/wiki/File:Canon_RF_15-35mm_F2.8L_IS_USM.jpg
images/canon/canon-rf-16mm-f2-8-stm.jpg,Canon RF 16mm F2.8 STM,Canon RF 16mm F2.8 STM (1-1 cropped).jpg,Henry Söderlund,CC BY 2.0,https://creativecommons.org/licenses/by/2.0,https://commons.wikimedia.org/wiki/File:Canon_RF_16mm_F2.8_STM_(1-1_cropped).jpg
images/canon/canon-rf-20-50mm-f4l-is-usm-pz.jpg,Canon RF 20-50mm F4L IS USM PZ,Canon EOS R6 V with RF 20-50mm F4L IS USM PZ 20260516100633.jpg,TurnOnTheNight,CC BY-SA 4.0,https://creativecommons.org/licenses/by-sa/4.0,https://commons.wikimedia.org/wiki/File:Canon_EOS_R6_V_with_RF_20-50mm_F4L_IS_USM_PZ_20260516100633.jpg
images/canon/canon-rf-24-105mm-f2-8-l-is-usm-z.jpg,Canon RF 24-105mm F2.8 L IS USM Z,Canon EOS R1+RF 24-105mm F2.8L IS USM Z.jpg,Dinkun Chen,CC BY-SA 4.0,https://creativecommons.org/licenses/by-sa/4.0,https://commons.wikimedia.org/wiki/File:Canon_EOS_R1%2BRF_24-105mm_F2.8L_IS_USM_Z.jpg
images/canon/canon-rf-24-105mm-f4-7-1-is-stm.jpg,Canon RF 24-105mm F4-7.1 IS STM,Canon RF 24-105mm f4-7.1 IS STM.jpg,Bernatargentona,CC BY-SA 4.0,https://creativecommons.org/licenses/by-sa/4.0,https://commons.wikimedia.org/wiki/File:Canon_RF_24-105mm_f4-7.1_IS_STM.jpg
images/canon/canon-rf-24-105mm-f4-l-is-usm.jpg,Canon RF 24-105mm F4 L IS USM,Canon RF24-105mm F4 L IS USM 07 sep 2018.jpg,昼落ち,CC BY-SA 4.0,https://creativecommons.org/licenses/by-sa/4.0,https://commons.wikimedia.org/wiki/File:Canon_RF24-105mm_F4_L_IS_USM_07_sep_2018.jpg
images/canon/canon-rf-24-240mm-f4-6-3-is-usm.jpg,Canon RF 24-240mm F4-6.3 IS USM,Canon RF 24-240.jpg,Putsari,CC BY-SA 4.0,https://creativecommons.org/licenses/by-sa/4.0,https://commons.wikimedia.org/wiki/File:Canon_RF_24-240.jpg
images/canon/canon-rf-24-50mm-f4-5-6-3-is-stm.jpg,Canon RF 24-50mm F4.5-6.3 IS STM,Canon RF 24-50mm F4.5-6.3 IS STM (52853984559) (1-1 cropped).jpg,"Henry Söderlund from Helsinki, Finland",CC BY 2.0,https://creativecommons.org/licenses/by/2.0,https://commons.wikimedia.org/wiki/File:Canon_RF_24-50mm_F4.5-6.3_IS_STM_(52853984559)_(1-1_cropped).jpg
images/canon/canon-rf-24-70mm-f2-8-l-is-usm.jpg,Canon RF 24-70mm F2.8 L IS USM,HK MKE 旺角東 Mong Kok East 新世紀廣場 MOKO Grand Century Place One office 佳能 Canon Camera products 體驗館 Showroom December 2021 SS2 09.jpg,GAULUAEN Yamwzld00,CC BY-SA 4.0,https://creativecommons.org/licenses/by-sa/4.0,https://commons.wikimedia.org/wiki/File:HK_MKE_%E6%97%BA%E8%A7%92%E6%9D%B1_Mong_Kok_East_%E6%96%B0%E4%B8%96%E7%B4%80%E5%BB%A3%E5%A0%B4_MOKO_Grand_Century_Place_One_office_%E4%BD%B3%E8%83%BD_Canon_Camera_products_%E9%AB%94%E9%A9%97%E9%A4%A8_Showroom_December_2021_SS2_09.jpg
images/canon/canon-rf-24mm-f1-4-l-vcm.jpg,Canon RF 24mm F1.4 L VCM,Canon RF 24mm F1.4L VCM.jpg,Dinkun Chen,CC BY-SA 4.0,https://creativecommons.org/licenses/by-sa/4.0,https://commons.wikimedia.org/wiki/File:Canon_RF_24mm_F1.4L_VCM.jpg
images/canon/canon-rf-24mm-f1-8-macro-is-stm.jpg,Canon RF 24mm F1.8 MACRO IS STM,Canon RF 24mm F1.8 MACRO IS STM (4-5 cropped).jpg,Henry Söderlund,CC BY 2.0,https://creativecommons.org/licenses/by/2.0,https://commons.wikimedia.org/wiki/File:Canon_RF_24mm_F1.8_MACRO_IS_STM_(4-5_cropped).jpg
images/canon/canon-rf-28-70mm-f2-0-l-usm.jpg,Canon RF 28-70mm F2.0 L USM,Canon RF28-70mm F2 L USM 07 sep 2018.jpg,昼落ち,CC BY-SA 4.0,https://creativecommons.org/licenses/by-sa/4.0,https://commons.wikimedia.org/wiki/File:Canon_RF28-70mm_F2_L_USM_07_sep_2018.jpg
images/canon/canon-rf-28-70mm-f2-8-is-stm.jpg,Canon RF 28-70mm F2.8 IS STM,"Canon RF 28–70mm F2,8 IS STM--21.jpg",GodeNehler,CC BY-SA 4.0,https://creativecommons.org/licenses/by-sa/4.0,"https://commons.wikimedia.org/wiki/File:Canon_RF_28%E2%80%9370mm_F2,8_IS_STM--21.jpg"
images/canon/canon-rf-28mm-f2-8-stm.jpg,Canon RF 28mm F2.8 STM,Canon RF 28mm F2.8-8799.jpg,GodeNehler,CC BY-SA 4.0,https://creativecommons.org/licenses/by-sa/4.0,https://commons.wikimedia.org/wiki/File:Canon_RF_28mm_F2.8-8799.jpg
images/canon/canon-rf-35mm-f1-4-l-vcm.jpg,Canon RF 35mm F1.4 L VCM,Canon RF 35mm F1.4L VCM.jpg,Dinkun Chen,CC BY-SA 4.0,https://creativecommons.org/licenses/by-sa/4.0,https://commons.wikimedia.org/wiki/File:Canon_RF_35mm_F1.4L_VCM.jpg
images/canon/canon-rf-35mm-f1-8-macro-is-stm.jpg,Canon RF 35mm F1.8 MACRO IS STM,Canon RF 35mm F1.8-8804.jpg,GodeNehler,CC BY-SA 4.0,https://creativecommons.org/licenses/by-sa/4.0,https://commons.wikimedia.org/wiki/File:Canon_RF_35mm_F1.8-8804.jpg
images/canon/canon-rf-400mm-f2-8-l-is-usm.jpg,Canon RF 400mm F2.8 L IS USM,Canon RF 400mm F2.8L IS USM.jpg,Henry Söderlund,CC BY 2.0,https://creativecommons.org/licenses/by/2.0,https://commons.wikimedia.org/wiki/File:Canon_RF_400mm_F2.8L_IS_USM.jpg
images/canon/canon-rf-5-2mm-f2-8-l-dual-fisheye.jpg,Canon RF 5.2mm F2.8 L DUAL FISHEYE,"Canon RF 5,2mm f2.8L DUAL FISHEYE.jpg",Bernatargentona,CC0,http://creativecommons.org/publicdomain/zero/1.0/deed.en,"https://commons.wikimedia.org/wiki/File:Canon_RF_5,2mm_f2.8L_DUAL_FISHEYE.jpg"
images/canon/canon-rf-50mm-f1-2-l-usm.jpg,Canon RF 50mm F1.2 L USM,Canon RF 50mm F1.2L USM.jpg,Bobulous,CC BY-SA 4.0,https://creativecommons.org/licenses/by-sa/4.0,https://commons.wikimedia.org/wiki/File:Canon_RF_50mm_F1.2L_USM.jpg
images/canon/canon-rf-50mm-f1-4-l-vcm.jpg,Canon RF 50mm F1.4 L VCM,Canon EOS R5 C and DJI RS4 Pro on the ground 20260808.jpg,Solomon203,CC BY-SA 4.0,https://creativecommons.org/licenses/by-sa/4.0,https://commons.wikimedia.org/wiki/File:Canon_EOS_R5_C_and_DJI_RS4_Pro_on_the_ground_20260808.jpg
images/canon/canon-rf-50mm-f1-8-stm.jpg,Canon RF 50mm F1.8 STM,Canon RF 50mm F1.8 STM (1-1 cropped).jpg,Henry Söderlund,CC BY 2.0,https://creativecommons.org/licenses/by/2.0,https://commons.wikimedia.org/wiki/File:Canon_RF_50mm_F1.8_STM_(1-1_cropped).jpg
images/canon/canon-rf-600mm-f11-is-stm.jpg,Canon RF 600mm F11 IS STM,Canon RF 600 11-8055.jpg,GodeNehler,CC BY-SA 4.0,https://creativecommons.org/licenses/by-sa/4.0,https://commons.wikimedia.org/wiki/File:Canon_RF_600_11-8055.jpg
images/canon/canon-rf-70-200mm-f2-8-l-is-usm-z.jpg,Canon RF 70-200mm F2.8 L IS USM Z,Canon RF 70-200mm F2.8L IS USM Z.jpg,Dinkun Chen,CC BY-SA 4.0,https://creativecommons.org/licenses/by-sa/4.0,https://commons.wikimedia.org/wiki/File:Canon_RF_70-200mm_F2.8L_IS_USM_Z.jpg
images/canon/canon-rf-70-200mm-f2-8-l-is-usm.jpg,Canon RF 70-200mm F2.8 L IS USM,"Canon RF 70-200 2,8-8064.jpg",GodeNehler,CC BY-SA 4.0,https://creativecommons.org/licenses/by-sa/4.0,"https://commons.wikimedia.org/wiki/File:Canon_RF_70-200_2,8-8064.jpg"
images/canon/canon-rf-70-200mm-f4-l-is-usm.jpg,Canon RF 70-200mm F4 L IS USM,Canon RF 70–200mm.jpg,GodeNehler,CC BY-SA 4.0,https://creativecommons.org/licenses/by-sa/4.0,https://commons.wikimedia.org/wiki/File:Canon_RF_70%E2%80%93200mm.jpg
images/canon/canon-rf-800mm-f11-is-stm.jpg,Canon RF 800mm F11 IS STM,Canon R5 und RF 800 11-8061.jpg,GodeNehler,CC BY-SA 4.0,https://creativecommons.org/licenses/by-sa/4.0,https://commons.wikimedia.org/wiki/File:Canon_R5_und_RF_800_11-8061.jpg
images/canon/canon-rf-800mm-f5-6-l-is-usm.jpg,Canon RF 800mm F5.6 L IS USM,Canon RF 800mm f5.6L IS USM.jpg,Dinkun Chen,CC BY-SA 4.0,https://creativecommons.org/licenses/by-sa/4.0,https://commons.wikimedia.org/wiki/File:Canon_RF_800mm_f5.6L_IS_USM.jpg
images/canon/canon-rf-85mm-f1-2-l-usm.jpg,Canon RF 85mm F1.2 L USM,"Canon R6 und RF 85 1,2-8068.jpg",GodeNehler,CC BY-SA 4.0,https://creativecommons.org/licenses/by-sa/4.0,"https://commons.wikimedia.org/wiki/File:Canon_R6_und_RF_85_1,2-8068.jpg"
images/canon/canon-rf-85mm-f2-0-macro-is-stm.jpg,Canon RF 85mm F2.0 Macro IS STM,Canon RF 85mm F2 Macro IS STM (3-4 cropped).jpg,Henry Söderlund,CC BY 2.0,https://creativecommons.org/licenses/by/2.0,https://commons.wikimedia.org/wiki/File:Canon_RF_85mm_F2_Macro_IS_STM_(3-4_cropped).jpg
images/canon/canon-t50.jpg,Canon T50,Canon T50.jpg,Ben Eenhoorn (flickr.com user Devar),Public domain,,https://commons.wikimedia.org/wiki/File:Canon_T50.jpg
images/canon/canon-t70.jpg,Canon T70,Canon T70 3815.jpg,Ashley Pomeroy,CC BY-SA 3.0,https://creativecommons.org/licenses/by-sa/3.0,https://commons.wikimedia.org/wiki/File:Canon_T70_3815.jpg
images/canon/canon-t80.jpg,Canon T80,Canon T80.jpg,Mike Caine from Isle of Man,CC BY-SA 2.0,https://creativecommons.org/licenses/by-sa/2.0,https://commons.wikimedia.org/wiki/File:Canon_T80.jpg
images/canon/canon-t90.jpg,Canon T90,T90front.jpg,Mohammed S.,CC BY-SA 2.5,https://creativecommons.org/licenses/by-sa/2.5,https://commons.wikimedia.org/wiki/File:T90front.jpg
images/canon/canon-tlb.jpg,Canon TLb,Canon TLb.jpg,TaitaFkm,CC BY-SA 3.0,https://creativecommons.org/licenses/by-sa/3.0,https://commons.wikimedia.org/wiki/File:Canon_TLb.jpg
images/canon/canon-ts-e-135mm-f-4l-macro.jpg,Canon TS-E 135mm f/4L Macro,Canon TS-E 135mm.jpg,Bernatargentona,CC BY-SA 4.0,https://creativecommons.org/licenses/by-sa/4.0,https://commons.wikimedia.org/wiki/File:Canon_TS-E_135mm.jpg
images/canon/canon-ts-e-17-mm.jpg,Canon TS-E 17 mm,TS-E 17mm f4L.jpg,Charles.lanteigne,CC BY-SA 3.0,https://creativecommons.org/licenses/by-sa/3.0,https://commons.wikimedia.org/wiki/File:TS-E_17mm_f4L.jpg
images/canon/canon-ts-e-24mm-lens.jpg,Canon TS-E 24mm lens,Canon TS-E 24mm f3.5L II.jpg,Charles Lanteigne,CC BY-SA 3.0,https://creativecommons.org/licenses/by-sa/3.0,https://commons.wikimedia.org/wiki/File:Canon_TS-E_24mm_f3.5L_II.jpg
images/canon/canon-ts-e-45mm-lens.jpg,Canon TS-E 45mm lens,Canon TSE 45.jpg,GodeNehler,CC BY-SA 4.0,https://creativecommons.org/licenses/by-sa/4.0,https://commons.wikimedia.org/wiki/File:Canon_TSE_45.jpg
images/canon/canon-ts-e-90mm-lens.jpg,Canon TS-E 90mm lens,Canon TSE 90.jpg,GodeNehler,CC BY-SA 4.0,https://creativecommons.org/licenses/by-sa/4.0,https://commons.wikimedia.org/wiki/File:Canon_TSE_90.jpg
images/canon/canon-tx.jpg,Canon TX,"Canon TX, 8 September 2018.jpg",Iiii I I I,CC BY-SA 4.0,https://creativecommons.org/licenses/by-sa/4.0,"https://commons.wikimedia.org/wiki/File:Canon_TX,_8_September_2018.jpg"
